- ACT
- Advent Advent's Advents
+ ageings
- AM AM's
- anyplace
- anythings
- applesauce applesauce's
- Aquariuses
- arctic arctic's arctics
- Arieses
- arsehole arsehole's arseholes
- artsy artsiest artsier
- As
- ASAP
- ashcan
- AstroTurf AstroTurf's
+ attache attache's
- August
- automobile automobiling automobiled automobiles automobile's
- autoworker autoworkers autoworker's
- Baptist Baptists Baptist's
- B Bible B's
- bettor bettors bettor's
- Bible Bible's Bibles
- bicep bicep's
- billfold billfolds billfold's
- blacktop blacktopped blacktops blacktop's blacktopping
+ blase
- boardwalk boardwalk's boardwalks
- bobsled bobsledded bobsledding bobsleds bobsled's
- boilings
- bologna bologna's
- boondocks boondocks's
- Brailles
- Brown
- Brownie Brownies
- BS BS's
- Buddhas
- Buddhisms
- buddings
- burglarise burglarising burglarised burglarises
+ burglarize burglarizing burglarized burglarizes
- burro burros burro's
- busboy busboys busboy's
+ bussing bussing's
- buss buss's bussing bussed
- butte buttes butte's
+ cabby cabbies
- caboose caboose's cabooses
- campground campground's campgrounds
- Cancer Cancers Cancer's
- Capitol Capitols Capitol's
- Capricorns
- carburetor carburetors carburetor's
- Caribbeans
- carryout
- catchings
+ caterings
- Catholicisms
- Catholic Catholic's
- cellulars
+ chateau chateaux chateaus chateau's
- chillings
- chipper chipper's chippers
- chowder chowder's chowders
- Christianities
- Christs
- Ci Ci's
- clapboard clapboarding clapboarded clapboards clapboard's
- closeout closeouts closeout's
- clothespin clothespins clothespin's
- Coke Coke's Cokes
- COLA
- CO CO's
- Communion Communions Communion's
- Confederacy Confederacy's
- Confederate Confederates Confederate's
- Congress Congresses Congress's
+ consomme consomme's
- Constitution
- cookout cookouts cookout's
+ counselings
- crosstown
- crosswalk crosswalk's crosswalks
- cryings
- Dalmatian Dalmatian's Dalmatians
- deaves
- defenced
- defencing
- Democrat Democratic Democrats Democrat's
+ detente detente's detentes
- diallings
- dishtowel dishtowel's dishtowels
- dissed
- dissing
- distention distentions distention's
- Doctor
- doggone doggonest doggoner doggoning doggones
+ dollhouse dollhouse's dollhouses
- doodad doodad's doodads
- doohickey doohickeys doohickey's
- dowdies
- downstate downstate's
- downtown downtown's
+ drinkings
- drugstore drugstore's drugstores
- dumpster
- Dumpster Dumpster's
+ eclair eclairs eclair's
- EFL
- Emmy Emmy's
- Englisher
+ entree entrees entree's
- Episcopalian Episcopalians Episcopalian's
- ER
- es
- ESL
+ esophagus esophagus's
- ESP ESP's
- everyplace
- expressway expressways expressway's
- Father Father's Fathers
- faucet faucet's faucets
- feedbag feedbags feedbag's
- fest fests fest's
+ fete feting feted fete's fetes
+ fiancee fiancee's fiancees
+ fiance fiance's fiances
- flashlight flashlights flashlight's
- flophouse flophouses flophouse's
- flub flubs flub's flubbing flubbed
- forbiddings
- forgivable
- frat frats frat's
- freeload freeloader's freeloaders freeloader freeloading freeloaded freeloads
- freeway freeways freeway's
- french
- Frenches
- gearshift gearshifts gearshift's
- GED
- geeky geekiest geekier
- GI
- giblet giblet's
- gimme
+ gizmo gizmos
+ gleamings
+ GMAT
- gofer gofer's gofers
- gonna
- Gospel Gospel's Gospels
- GPA
- grad grad's grads
- Grammy Grammy's
- granola granola's
- greenback greenbacks greenback's
- groundhog groundhogs groundhog's
- gruellings
- gs
- gulch gulch's gulches
- gumbo gumbo's gumbos
- Halloweens
+ hammerings
- Hanukkahs
- hardball hardball's
- hardcover hardcovers hardcover's
- headfirst
- heist heisting heisted heists heist's
- hemorrhoid's
- hickey hickey's hickeys
- hick hick's
- Highness Highness's
- hillbilly hillbillies hillbilly's
- hindquarter hindquarter's
- Hinduisms
- h'm
- HMO HMO's
- hobo hobos hobo's
- Holocaust Holocaust's
- homeroom homeroom's homerooms
- hometown hometowns hometown's
- honcho honcho's honchos
- House House's
- howdy
- hued
- humblings
- i
- ID ID's
- inning inning's
- INS
- interluded
- interluding
- internist internists
- Inuits
- IRA IRA's
- Irisher
- Islams
- IV IV's
- j
- jackhammer jackhammers
- Jacuzzi Jacuzzi's
- Japaneses
- jewelries
- john johns
- Judaisms
- Junes
- Junior Juniors Junior's
- junkyard junkyards junkyard's
- karat karats
+ kindergartener kindergartener's kindergarteners
- kinfolk kinfolk's
- Kleenexes
- klutzy klutziest klutzier
- klutz klutzy klutzes
- KO
- Korans
- ks
- Kwanzaa Kwanzaa's Kwanzaas
- Latina
- Latiner
- Latinos
- Latins
- Laundromat Laundromat's
- layaway layaway's
- Lent Lents Lent's
- Leos
- levee levee's levees
- Libras
- limitings
- lipsticked
- lipsticking
- lite
- longshoreman longshoreman's
- longshoremen
- Lord Lords Lord's
- lumberyard lumberyard's lumberyards
+ lunchbox
- Mace Mace's
- Mafias
- mailman mailman's
- mailmen
- maizes
+ majorly
- Mandarin Mandarin's
- Maoris
- March March's Marches
- Marine Marines Marine's
- Marxisms
- Mason Mason's Masons
- matchbook matchbooks
- mayo mayo's
- May Mays
- mecca mecca's meccas
- Meccas
- Medicaids
- Medicares
- Mediterraneans
+ melee melee's melees
- Mercury Mercuries Mercury's
- Messiah Messiahs Messiah's
- MI MI's
- misdemeanour misdemeanours
- Mister
- MO
- mommy mommies
- mom moms mommy
- Mons
- mortician morticians mortician's
- motherfucker motherfucker's motherfuckers
- motormouth motormouths motormouth's
- Mount Mount's
- MS MS's
- munchies munchies's
- muss muss's mussed musses mussing
- mys
- nailbrush nailbrushes
- necktie neckties
- NE NE's
- northwest
- NW NW's
- o
- optometrist optometrist's optometrists
- OR
- Oriental Orientals Oriental's
- Orient Orient's
- Os
- outskirt outskirt's
- overjoy overjoying overjoys
- Pacific
- PA PA's
- panhandle panhandle's panhandler's panhandlers panhandler panhandling panhandled panhandles
- pantie pantie's
- pantyhose pantyhose's
- paralegal paralegal's
+ passe
- Passover Passovers Passover's
- patrolman patrolman's
- patrolmen
- patrolwoman patrolwoman's
- patrolwomen
- paycheck paycheck's paychecks
- pediatrics's
- pedigreed
- penitentiary penitentiaries penitentiary's
- Pentagon Pentagon's
- pickax pickaxed pickaxing pickax's
- pigpen pigpen's pigpens
- Pilgrim Pilgrim's
- PIN
- pj's
+ plannings
- Plexiglas Plexiglas's Plexiglases
- P P's
- Polaroid Polaroid's Polaroids
- Pole Poles Pole's
- Polish Polish's
- pooched
- pooching
- Pope Pope's
- Popsicle Popsicle's
+ postdoc
- potluck potluck's potlucks
- PR
- preambled
- preambling
+ precis precis's
- premiere premiering premiered premieres premiere's
- preppy preppiest preppier preppies preppy's
- Presbyterians
- Prohibition
+ protege proteges protege's
- Protestant Protestants Protestant's
- puree puree's pureeing pureed purees
- Puritan Puritan's
- Pyrex Pyrex's Pyrexes
- Q
- ragtags
- Ramadans
- rambunctious
- RAM RAM's
- razz razz's razzing razzed razzes
- Realtor Realtor's
- realty realty's
- redneck rednecks redneck's
- rejoinder rejoinders rejoinder's
- Renaissance Renaissances
- renegaded
- renegading
- repleted
- repletes
- repleting
- Representative
- Republicans
+ Resurrection
- retiree retiree's retirees
- revealings
- Reverend Reverend's
- RIP
+ risque
- riverfront
- RN RN's
- roadkill roadkill's
- roman
- ROTC ROTC's
- roughhouse roughhousing roughhoused roughhouses roughhouse's
- rowboat rowboat's rowboats
- rs
- ruckus ruckus's ruckuses
- runaround runarounds runaround's
- sades
- Sagittariuses
- sailboat sailboats sailboat's
- sames
- sangs
- sanitarium sanitariums sanitarium's
- sass sassing sassed sass's sassy sasses
- sassy sassiest sassier
- SAT
- satanism satanism's
- satellited
- satelliting
+ sauteed
+ sauteing
+ saute saute's sautes
- Savior Savior's
- savvy savviest savvier savvies savvy's savvying
- scads
- scanties
- schlock schlock's
- schmaltzy schmaltziest schmaltzier
- schmaltz schmaltzy schmaltz's
- schmuck schmuck's schmucks
- SC SC's
- Scotch Scotch's Scotches
- scotchs
- Scripture Scriptures Scripture's
- scrooge scrooges scrooge's
+ Secretary
- SE SE's
- Senate Senate's Senates
- Senior Senior's
- sh
- shantytown shantytowns shantytown's
- sharked
- sharking
- sheller
- shinny shinnying shinnied shinnies
- shortwave shortwaves shortwave's
- shuck shuck's shucks shucking shucked
- shucks shuckses
- shyster shyster's shysters
- sidewalk sidewalks sidewalk's
- singsonging
- sizer
- skillful skillfully
- slather slathers slathering slathered
- slowpoke slowpokes slowpoke's
- slummer
- snit snit's snits
- snorkeling's
- snowplowed
- snowplowing
- someones
- someplace
- somethings
- someway
- somewhats
- sophomore sophomore's sophomores sophomoric
- sorority sororities sorority's
- sorta
+ souffle souffles souffle's
- sourdough sourdough's sourdoughs
- southwest
- southwesterly
- southwestward
- Soviet Soviet's
- spreed
+ Sq
- staffer staffer's
- stanch stanchest stancher stanching stanched stanches
- standout standout's standouts
+ starvings
- steamroll steamrolls steamrolling steamrolled
- stiflings
- stoplight stoplights stoplight's
- strawed
- strawing
- streetcar streetcar's streetcars
- streetlight streetlight's streetlights
- strikings
- Styrofoams
- sunup sunup's
- supernaturals
- surprisings
- Swisses
- switchable
- TA
- tad tads tad's
- taffy taffies taffy's
- taillight taillight's taillights
- takeout takeout's takeouts
- Talmuds
- tarp tarps tarp's
- tattletale tattletales tattletale's
- Tauruses
- TB TB's
- teakettle teakettle's teakettles
- Teflons
- teletype
- termly
+ Terr Terr's
- Thanksgiving Thanksgivings Thanksgiving's
- thumbtack thumbtacks thumbtack's
- tightwad tightwads tightwad's
- timezone
- TM
+ touchings
- townhouse townhouses townhouse's
- trashcan
- Trinity Trinities Trinity's
- tromp tromps tromped tromping
- ts
- tuxedo tuxedo's tuxedos
- tux tux's tuxes
- typewrite typewrites
- typewrote
- u
- unawares
- underbrush underbrush's
- underclassman underclassman's
- underclassmen
- undershirt undershirts undershirt's
- unman unmans unmanning
- unsay unsays unsaying
- upchuck upchucked upchucks upchucking
- upliftings
- upperclassman upperclassman's
- upperclassmen
- upstate upstate's
- US US's
- VA
- vacationer vacationer's vacationers
- valedictorian valedictorians valedictorian's
- Velcros
- vise vising vised vises vise's
- Walkman Walkman's
- washcloth washcloth's washcloths
- washroom washrooms washroom's
- WASP WASP's
- waxiness waxiness's
- wedder
- weeknight weeknights weeknight's
- weirdo weirdos weirdo's
- wellington
- Welsh Welsh's
- Westerner
- Westerns
- wetback wetback's wetbacks
- whatchamacallit whatchamacallits whatchamacallit's
- whiskys
- White Whites White's
- whodunit whodunit's whodunits
- wiener wieners wiener's
- windbreaker windbreakers windbreaker's
- windshield windshield's windshields
- wiretap wiretap's wiretaps wiretapped
- wist
- wive
+ worryings
- wot
- woulds
- wounder
- wright
- writable
- XL XL's
- Xmases
- Yank Yanks Yank's
- yest
- Y Y's
- Yuletides
- zipper zippering zippered zippers zipper's
- zit zit's zits
- Z Z's
- zucchini zucchinis zucchini's
