+ Aaliyah Aaliyah's
+ Abbasid Abbasid's
+ Abbas Abbas's
+ abbe abbes abbe's
- Abby Abby's
- abed
- AB AB's
- ABM ABM's
- Abner Abner's
- Abrams Abrams's
+ Absalom Absalom's
+ Accenture Accenture's
- accouterments's
- Acevedo Acevedo's
- Achebe Achebe's
- Achernar Achernar's
- Acheson Acheson's
- achoo achoo's
- ACLU ACLU's
- Aconcagua Aconcagua's
- Acosta Acosta's
- Acropolis
- Acrux Acrux's
- Actaeon Actaeon's
- ACTH ACTH's
- Acts Acts's
+ Acuff Acuff's
- Adana Adana's
- Adan Adan's
+ Adar Adar's
- Addams Addams's
+ Adderley Adderley's
- Addie Addie's
- Adela Adela's
- Adeline Adeline's
- Adhara Adhara's
- Adidas Adidas's
+ adios
- Adolf Adolf's
- Adolfo Adolfo's
- Adonises
- Adriana Adriana's
- Adventist
- Advil Advil's
- Aelfric Aelfric's
+ Aeroflot Aeroflot's
- AF
- afghan afghan's afghans
- Afrocentrism Afrocentrism's
- Afro Afro's Afros
+ Agassi Agassi's
- Agassiz Agassiz's
- Agatha Agatha's
- Aglaia Aglaia's
- Agni Agni's
- Agricola Agricola's
- Agrippina Agrippina's
- Aguilar Aguilar's
- Aguinaldo Aguinaldo's
- Aguirre Aguirre's
- Agustin Agustin's
- Ahmadabad Ahmadabad's
+ Ahmadinejad Ahmadinejad's
- Ahmad Ahmad's
- Ahmed Ahmed's
- Ahriman Ahriman's
- Aimee Aimee's
- airdrop airdropping airdrop's airdrops airdropped
- Airedales
- Aisha Aisha's
- AK
- Akbar Akbar's
+ Akhmatova Akhmatova's
- Akihito Akihito's
- Akita Akita's
+ Akiva Akiva's
- Akkad Akkad's
- AL
- Alabaman Alabaman's
- Alabamians
- Alana Alana's
- Alar Alar's
- Alaskan Alaskans Alaskan's
- Alba Alba's
- Albee Albee's
- Alberio Alberio's
- Albigensian Albigensian's
- Albireo Albireo's
- alb albs alb's
- Alcatraz Alcatraz's
- Alcestis Alcestis's
- Alcibiades Alcibiades's
+ Alcindor Alcindor's
- Alcmena Alcmena's
- Alcott Alcott's
- Alcuin Alcuin's
- Alcyone Alcyone's
- Aldan Aldan's
- Aldebaran Aldebaran's
- Alderamin Alderamin's
- Aldo Aldo's
- Aldrin Aldrin's
- Aleichem Aleichem's
- Alejandra Alejandra's
- Alejandro Alejandro's
- Alembert Alembert's
- Alexandra Alexandra's
- Alexei Alexei's
- Alfonzo Alfonzo's
- Alford Alford's
- Alfreda Alfreda's
- Algenib Algenib's
- Algieba Algieba's
- Algol Algol's
- Algonquians
- Alhena Alhena's
- Alighieri Alighieri's
- Aline Aline's
- Alioth Alioth's
- Alisa Alisa's
- Alisha Alisha's
- Alissa Alissa's
- Alkaid Alkaid's
- Allahabad Allahabad's
- Allegra Allegra's
- Allende Allende's
- Allie Allie's
- allover
- Allyson Allyson's
- Almach Almach's
- Almaty Almaty's
- Almighty Almighty's
+ Almohad Almohad's
+ Almoravid Almoravid's
- Alnilam Alnilam's
- Alnitak Alnitak's
- Alonzo Alonzo's
- Alphard Alphard's
- Alphecca Alphecca's
- Alpheratz Alpheratz's
- Alphonso Alphonso's
- Alpine Alpine's
+ Alpo Alpo's
- Alsop Alsop's
- Alston Alston's
- Altair Altair's
+ Altamira Altamira's
- Altiplano Altiplano's
+ Altman Altman's
+ Altoids Altoids's
- Aludra Aludra's
- Alvarado Alvarado's
- Alvaro Alvaro's
- Alyce Alyce's
- Alyson Alyson's
- Amado Amado's
- Amalia Amalia's
+ Amaru Amaru's
+ Amaterasu Amaterasu's
- Amati Amati's
- amazon amazon's amazons
- Amber Amber's
- Amenhotep Amenhotep's
- Amerasian Amerasian's
- Amerindians
- Amerind Amerind's Amerinds
- Ameslan Ameslan's
- Amharic Amharic's
- Amie Amie's
- amorally
- Amparo Amparo's
- Ampere Ampere's
- Amritsar Amritsar's
- Amundsen Amundsen's
- Amur Amur's
- Amway Amway's
- Anabel Anabel's
- Anacin Anacin's
- Anacreon Anacreon's
- Analects Analects's
- Ana Ana's
- Ananias Ananias's
- anapest anapests anapest's
+ Anasazi Anasazi's
- Anatole Anatole's
- Anaxagoras Anaxagoras's
- Anchorage Anchorage's
- Andalusian Andalusian's
- Andres Andres's
+ Andretti Andretti's
+ Andrianampoinimerina Andrianampoinimerina's
+ Android Android's
- Andromache Andromache's
- Andropov Andropov's
- Angara Angara's
- Angelia Angelia's
- Angelica Angelica's
- Angelico Angelico's
- Angeline Angeline's
- Angelique Angelique's
- Angelita Angelita's
- Angel Angel's
- Angelou Angelou's
- Angevin Angevin's
- Anglicanisms
- Angolan Angolans Angolan's
- Angora Angoras Angora's
- angstrom angstrom's
+ Angstrom Angstrom's
- Aniakchak Aniakchak's
- Anibal Anibal's
- Annabelle Annabelle's
- Annabel Annabel's
+ Annam Annam's
- Annapurna Annapurna's
- Annmarie Annmarie's
- anons
- Anouilh Anouilh's
- Anselmo Anselmo's
- Anshan Anshan's
- Antaeus Antaeus's
- antarctic
- Antares Antares's
- Antietam Antietam's
- Antipas Antipas's
- Antofagasta Antofagasta's
- Antone Antone's Antony
- Antonia Antonia's
- Antoninus Antoninus's
- Antonius Antonius's
- Antony Antony's
- Antwan Antwan's
- Anubis Anubis's
+ Anzac Anzac's
+ ANZUS ANZUS's
- AOL AOL's
- Apocrypha Apocrypha's
- Apollinaire Apollinaire's
- Apollos
- Appaloosa Appaloosa's
- applejack applejack's
- Apple Apple's
- Appleseed Appleseed's
+ appliqueing
+ applique applique's appliqued appliques
- appositive appositive's appositives
- Apuleius Apuleius's
+ Aquafresh Aquafresh's
- Aquila Aquila's
- Aquino Aquino's
- Aquitaine Aquitaine's
- AR
- Araby Araby's
- Araceli Araceli's
- Araguaya Araguaya's
- Aral Aral's
- Ara Ara's
+ Aramco Aramco's
- Araucanian Araucanian's
- Arawakan Arawakan's
- Arawak Arawak's
+ Arbitron Arbitron's
- Archean Archean's
- Arequipa Arequipa's
- Argo Argo's
- Argonne Argonne's
- argyle argyles argyle's
- Ariosto Ariosto's
- Aristarchus Aristarchus's
- Aristides Aristides's
- Arius Arius's
- Arizonan Arizonans Arizonan's
- Arizonian Arizonians Arizonian's
- Arjuna Arjuna's
- Arkhangelsk Arkhangelsk's
- Arline Arline's
- Ar Ar's
- Armageddons
- Armand Armand's
- Armando Armando's
+ Armani Armani's
- Armenians
- Arminius Arminius's
- Armour Armour's
- Arneb Arneb's
- Arnhem Arnhem's
- Arno Arno's
- Arnulfo Arnulfo's
- Aron Aron's
- Arrhenius Arrhenius's
- Arron Arron's
- Artaxerxes Artaxerxes's
- Art Art's
- Asama Asama's
- Ascella Ascella's
- ascot ascot's ascots
- Asgard Asgard's
- ashcans
- ashcan's
+ Ashcroft Ashcroft's
+ Ashe Ashe's
+ Ashikaga Ashikaga's
- Ashkenazim Ashkenazim's
- Ashkhabad Ashkhabad's
- Ashlee Ashlee's
- Ashmolean Ashmolean's
- Ashurbanipal Ashurbanipal's
- ASL ASL's
- Asoka Asoka's
- ASPCA
- Aspen Aspen's
- Aspidiske Aspidiske's
- As's
- Assyrians
- Astaire Astaire's
- Astarte Astarte's
- astrakhan astrakhan's
+ Asuncion Asuncion's
- Atacama Atacama's
- Atahualpa Atahualpa's
- Atalanta Atalanta's
+ Ataturk Ataturk's
- Athabasca Athabasca's
- Atlantes
- Atlas Atlas's Atlases
- ATP ATP's
- Atreus Atreus's
- Atria Atria's
- Atropos Atropos's
- Ats
- Attic Attic's
- Attlee Attlee's
- Attucks Attucks's
- ATV
- Auden Auden's
+ Audion Audion's
- Audra Audra's
- Augean Augean's
+ Augsburg Augsburg's
- Au Au's
+ Aurangzeb Aurangzeb's
- Aurelia Aurelia's
- Aurelio Aurelio's
- Aureomycin Aureomycin's
- Auriga Auriga's
- Aurora Aurora's
- Austen Austen's
+ Austerlitz Austerlitz's
- Austins
- Australoid Australoid's
- Austronesian Austronesian's
- Autumn Autumn's
- Ava Ava's
- Aventine Aventine's
- Avernus Avernus's
- Averroes Averroes's
- Avesta Avesta's
- Avicenna Avicenna's
- Avignon Avignon's
- Avila Avila's
- Avior Avior's
+ Av Av's
- Avogadro Avogadro's
+ Axum Axum's
- Ayala Ayala's
- Aymara Aymara's
+ Ayurveda Ayurveda's
+ Ayyubid Ayyubid's
+ Azana Azana's
- Azazel Azazel's
+ Azerbaijani Azerbaijani's
- AZ AZ's
- Aztecs
+ Aztlan Aztlan's
- AZT AZT's
+ Baathist Baathist's
+ Baath Baath's
- Babel Babel's Babels
- Babylons
- Bacall Bacall's
- Bacardi Bacardi's
- Bacchanalia Bacchanalia's
- bacchanalian bacchanalians bacchanalian's
- backbit
- backbiting
- backbitten
- Bacon Bacon's
- Bactria Bactria's
- Badlands Badlands's
+ Baeria Baeria's
+ Baeyer Baeyer's
- Baez Baez's
+ Baggies Baggies's
- Baguio Baguio's
- Baha'i Baha'i's
- Bahama Bahama's
- Bahamians
- Baha'ullah Baha'ullah's
- Bahia Bahia's
- Baikal Baikal's
- Bailey Bailey's
- Baker Baker's
- Bakunin Bakunin's
- Balanchine Balanchine's
+ Balaton Balaton's
- Balboa Balboa's
- Balder Balder's
- Balkhash Balkhash's
- balky balkiest balkier
- Ball Ball's
- Balthazar Balthazar's
- Banach Banach's
- Bandung Bandung's
- Bangladeshis
- Banjarmasin Banjarmasin's
- Banks Banks's
- Banneker Banneker's
- Bannister Bannister's
- Banting Banting's
- Bantus
- Baotou Baotou's
- Baptiste Baptiste's
- Barabbas Barabbas's
+ Barack Barack's
- Barbadian Barbadians Barbadian's
- Barbarella Barbarella's
- Barbarossa Barbarossa's
- Barber Barber's
- Barbie Barbie's
- Barbra Barbra's
- Bardeen Bardeen's
- Barker Barker's
- Barkley
- Barnaby Barnaby's
- Barnaul Barnaul's
- Barquisimeto Barquisimeto's
- Barranquilla Barranquilla's
- Barrera Barrera's
- Barth Barth's
- Bartholdi Bartholdi's
+ Bartok Bartok's
+ Baruch Baruch's
- Baryshnikov Baryshnikov's
- Basho Basho's
- Basie Basie's
- Basil Basil's
- Basra Basra's
- Bass Bass's
- Bataan Bataan's
- Bates Bates's
- Bathsheba Bathsheba's
- Batista Batista's
- Batman Batman's
- Battle Battle's
- Batu Batu's
- Baudelaire Baudelaire's
- Baudouin Baudouin's
+ Baum Baum's
- Ba Bic Ba's
- Bayes Bayes's
+ Bayeux Bayeux's
- Bayreuth Bayreuth's
+ Baywatch Baywatch's
- BBB BBB's
- BB BB's
- Beach Beach's
- Beadle Beadle's
- Bean Bean's
- Beard Beard's
- Beardmore Beardmore's
- Bearnaise Bearnaise's
- Beasley Beasley's
- Beatlemania Beatlemania's
- Beatrix Beatrix's
- Beatriz Beatriz's
- Beau Beau's
- Beaumarchais Beaumarchais's
- Beauregard Beauregard's
- Beauvoir Beauvoir's
- Bechtel Bechtel's
- Becker Becker's
- Beck Beck's
- Bedouins
- Beecher Beecher's
+ Beefaroni Beefaroni's
- Beeton Beeton's
+ begat
- Begin Begin's
- Behan Behan's
- behoving
- Behring Behring's
- Beiderbecke Beiderbecke's
- Bekesy Bekesy's
- Bela Bela's
- Belau Belau's
- Belem Belem's
- Belinda Belinda's
- Bellatrix Bellatrix's
+ Belleek Belleek's
- Bell Bell's
- Bellow Bellow's
- Belshazzar Belshazzar's
+ Beltane Beltane's
- Belushi Belushi's
- Be Be's
- Benacerraf Benacerraf's
+ Benchley Benchley's
- Bender Bender's
- Bendix Bendix's
- Benet Benet's
- Benetton Benetton's
- Benita Benita's
- Benito Benito's
- Bennie Bennie's
- Bentham Bentham's
- Berbers
- Berenice Berenice's
+ Beretta Beretta's
- Berg Berg's
- Bergson Bergson's
- Berkshires Berkshires's
- Berle Berle's
- Berlins
- Bermudas
+ Bernanke Bernanke's
- Bernays Bernays's
- Bernbach Bernbach's
- Bernini Bernini's
- Berra Berra's
- Berry Berry's
- Berta Berta's
+ Bertelsmann Bertelsmann's
- Bertie Bertie's
- Bertillon Bertillon's
- Beryl Beryl's
- Berzelius Berzelius's
- Bess Bess's
- Best Best's
- Bethe Bethe's
- Bethune Bethune's
- Bettie Bettie's
- Bettye Bettye's
- Bhutto Bhutto's
- Bialystok Bialystok's
- Bianca Bianca's
+ Bic Bic's
+ Biden Biden's
- Bierce Bierce's
+ Biggles Biggles's
- Biko Biko's
- Bilbo Bilbo's
- Billings Billings's
- Bill Billings Bill's Billy
- Billy Billy's
- Bi Bi's
- Bimini Bimini's
- Bioko Bioko's
- Bird Bird's
- Birdseye Birdseye's
- Birkenstock Birkenstock's
- Bishop Bishop's
+ Bisquick Bisquick's
+ Bjerknes Bjerknes's
+ Bjork Bjork's
- Bk Bk's
+ Blackbeard Blackbeard's
- Blanca Blanca's
- Blankenship Blankenship's
- Blatz Blatz's
- Blavatsky Blavatsky's
- Blenheim Blenheim's
- blindside blindsiding blindsided blindsides
- blintze blintze's
- blintz blintz's blintzes
+ Blockbuster Blockbuster's
+ Blondel Blondel's
- Blondie Blondie's
- bloodmobile bloodmobile's bloodmobiles
- Bloomer Bloomer's
+ Bloomingdale Bloomingdale's
- Bloom Bloom's
+ Blu
- BM BM's
- BO
+ Boas Boas's
- Bobbi Bobbi's
- Bobbitt Bobbitt's
- Bobby Bobby's
- Bob Bob's Bobby
- bobolink bobolink's bobolinks
- Boccaccio Boccaccio's
- Bodhidharma Bodhidharma's
- Bodhisattva Bodhisattva's
- Boeotia Boeotia's
- Boeotian Boeotian's
+ Boethius Boethius's
+ Bogota Bogota's
- Bohemian Bohemians Bohemian's
+ Bojangles Bojangles's
- Boleyn Boleyn's
- Bonaventure Bonaventure's
- Bond Bond's
+ Bonhoeffer Bonhoeffer's
- Bonita Bonita's
- Bonnie Bonnie's
+ Bono Bono's
- Booker Booker's
- bookmobile bookmobiles bookmobile's
- Boolean Boolean's
- boondoggle boondoggling boondoggled boondoggles boondoggle's
+ Bootes Bootes's
- Booth Booth's
- bordello bordello's bordellos
- Bordon Bordon's
- Boreas Boreas's
- Borges Borges's
- Borgia Borgia's
+ Borglum Borglum's
- Bork Bork's
+ Borlaug Borlaug's
- Born Born's
+ Borobudur Borobudur's
- Boru Boru's
- Bostons
- Boulder Boulder's
+ Boulez Boulez's
- Bourbaki Bourbaki's
- Bourbon Bourbon's
+ boutonniere boutonniere's boutonnieres
- Bovary Bovary's
- Bowditch Bowditch's
- Bowell Bowell's
- Bowers Bowers's
- Bowman Bowman's
- Boyer Boyer's
- Braddock Braddock's
- Bradly Bradly's
- Brad Brad's Bradly
- Bradstreet Bradstreet's
- Brahe Brahe's
+ Brahmagupta Brahmagupta's
- Brahmanisms
- Brahmans
- Brahmas
- braille braille's
- Brain Brain's
- brakeman brakeman's
- brakemen
- Branch Branch's
- Brandeis Brandeis's
- Branden Branden's
- Brandie Brandie's
- Brandi Brandi's
- Brandy Brandy's
- Bran Bran's
- Brattain Brattain's
- Bray Bray's
- Brazos Brazos's
+ Breakspear Breakspear's
- Brecht Brecht's
- Breckenridge Breckenridge's
- Brenton Brenton's
- Bret Bret's
- Brewer Brewer's
- Briana Briana's
- Brianna Brianna's
- Bridalveil Bridalveil's
- Bridger Bridger's
- Bridges Bridges's
- Bridgette Bridgette's
- Bridgett Bridgett's
- Bridgman Bridgman's
- Brie Brie's
- Bright Bright's
- Brigid Brigid's
- Brigitte Brigitte's
- Brillo Brillo's
- Britney Britney's
- Britt Britt's
- Brittney Brittney's
- Brno Brno's
- Broadways
- Brobdingnagian Brobdingnagian's
- Brobdingnag Brobdingnag's
- brogan brogans brogan's
+ Brokaw Brokaw's
- Bronson Bronson's
- Bronte Bronte's
- Brooke Brooke's
- Brooklyn Brooklyn's
- Brooks Brooks's
- Browning Browning's
- Brown's
+ Brownshirt Brownshirt's
- Brownsville Brownsville's
- Brummel Brummel's
- Brunelleschi Brunelleschi's
- Brunhilde Brunhilde's
+ Brut Brut's
- Brynner Brynner's
- Brzezinski Brzezinski's
- Btu Btu's
- Buber Buber's
- Buchwald Buchwald's
- buckboard buckboard's buckboards
- Buck Buck's
- Buckner Buckner's
- Buddy Buddy's
- Bud Bud's Buddy
- Buffalo Buffalo's
- Buffy Buffy's
- Buford Buford's
+ Bugzilla Bugzilla's
- Bukhara Bukhara's
- Bukharin Bukharin's
- Bulfinch Bulfinch's
- Bulganin Bulganin's
+ Bulgari Bulgari's
+ Bulgar Bulgar's
- Bullock Bullock's
- Bullwinkle Bullwinkle's
- Bultmann Bultmann's
- Bumppo Bumppo's
- Bunche Bunche's
+ Bundesbank Bundesbank's
- Bunin Bunin's
- Bunker Bunker's
+ Bunuel Bunuel's
- Bunyan Bunyan's
- Burger Burger's
- Burgess Burgess's
- Burgundy Burgundies Burgundy's
- Burks Burks's
- Burl Burl's
- Burns Burns's
- Burris Burris's
- Burr Burr's
- Bursa Bursa's
- busby busbies busby's
- Bush Bush's
- Butler Butler's
+ Butterfingers Butterfingers's
- butternut butternuts butternut's
+ Byblos Byblos's
- Byers Byers's
- BYOB
- Byzantines
- CA
+ Cabral Cabral's
- Cabrera Cabrera's
- Cabrini Cabrini's
- Cadiz Cadiz's
- Caedmon Caedmon's
- Caesars
- Cage Cage's
- Cagney Cagney's
- Caiaphas Caiaphas's
- Cains
- Caitlin Caitlin's
- Calderon Calderon's
- Caliban Caliban's
- Cali Cali's
- calisthenic
- calisthenics's
- Callas Callas's
- Callie Callie's
- Calliope Calliope's
- Caloocan Caloocan's
- Calvinisms
- Camacho Camacho's
- Camel Camel's
- Camelopardalis Camelopardalis's
- Camemberts
- Cameroons
- Camoens Camoens's
+ Campanella Campanella's
- Campinas Campinas's
- Camry Camry's
- Camus Camus's
- Canaletto Canaletto's
+ canape canapes canape's
- Canaries Canaries's
- Cancun Cancun's
- Candice Candice's
- Candide Candide's
- Candy Candy's
- Cannon Cannon's
+ Canon Canon's
- Canopus Canopus's
- Cantabrigian Cantabrigian's
- Canton Canton's
- Cantor Cantor's
- Cantrell Cantrell's
- Cantu Cantu's
- Canute Canute's
+ Capablanca Capablanca's
- Capek Capek's
- Capella Capella's
+ Capetian Capetian's
- Capet Capet's
- Capetown Capetown's
- Caph Caph's
- Capitoline Capitoline's
- caplet caplets caplet's
- Capra Capra's
+ Capuchin Capuchin's
- Capulet Capulet's
- Caracalla Caracalla's
- Cara Cara's
- Caravaggio Caravaggio's
- Carboloy Carboloy's
- Carboniferous Carboniferous's
- Carborundum Carborundum's
- Cardenas Cardenas's
+ Cardozo Cardozo's
- carfare carfare's
- Carib Carib's
- Carissa Carissa's
- Carlene Carlene's
- Carly Carly's
- Carmela Carmela's
- Carmella Carmella's
- Carmelo Carmelo's
- Carmine Carmine's
- Carnap Carnap's
+ Carnation Carnation's
- Carole Carole's
- Carol Carol's
- Carpenter Carpenter's
+ Carranza Carranza's
- Carrier Carrier's
- Carrillo Carrillo's
- Carter Carter's
- Carver Carver's
- Casals Casals's
- Casandra Casandra's
- Casanovas
- Cascades Cascades's
- Case Case's
- Cash Cash's
- Cassatt Cassatt's
- Cassie Cassie's
- Castaneda Castaneda's
- Castor Castor's
- Caterpillar Caterpillar's
- Cather Cather's
- Cathleen Cathleen's
- Cathryn Cathryn's
- Catiline Catiline's
- cattail cattails cattail's
- Catt Catt's
- Catullus Catullus's
- Cavour Cavour's
- Cd Cd's
- Ceausescu Ceausescu's
- Cebuano Cebuano's
- Cebu Cebu's
- Cecelia Cecelia's
- Cecile Cecile's Cecily
- Cecily Cecily's
- Celina Celina's
- Cellini Cellini's
- Celtics
- Celts
- Cenozoic Cenozoic's
- Centaurus Centaurus's
- Centigrade
+ centigram centigram's centigrams
- Cepheus Cepheus's
- Cerenkov Cerenkov's
- Cerf Cerf's
- Cesarean Cesarean's
- Cesar Cesar's
- Cetus Cetus's
- Cezanne Cezanne's
- Cf Cf's
- Chagall Chagall's
+ Chaitanya Chaitanya's
+ Chaitin Chaitin's
- Chaldean Chaldean's
+ Challenger Challenger's
- Chambers Chambers's
+ Champollion Champollion's
- Chancellorsville Chancellorsville's
- Chance Chance's
- Chandigarh Chandigarh's
- Chandler Chandler's
+ Chandon Chandon's
- Chandragupta Chandragupta's
- Chandra Chandra's
- Chandrasekhar Chandrasekhar's
- Chanel Chanel's
- Chaney Chaney's
- Changchun Changchun's
- Changsha Changsha's
- Chan Chan's
- chantey chanteys chantey's
- chaparral chaparrals chaparral's
- Chappaquiddick Chappaquiddick's
+ Chapultepec Chapultepec's
+ Charbray Charbray's
- Charity Charity's
- Charlene Charlene's
- Charlestons
- Charmaine Charmaine's
- Charmin Charmin's
- Charolais Charolais's
- Charon Charon's
+ Chartism Chartism's
- Chartres Chartres's
- Charybdis Charybdis's
- Chase Chase's
- Chasity Chasity's
- Chateaubriand Chateaubriand's
- Chatterley Chatterley's
- Chatterton Chatterton's
- Chauncey Chauncey's
- Chavez Chavez's
- Chayefsky Chayefsky's
- Chechnya Chechnya's
- checkroom checkrooms checkroom's
- Cheddar Cheddar's
- Cheerios Cheerios's
+ Cheer Cheer's
+ Cheetos Cheetos's
- Cheever Cheever's
- Chelyabinsk Chelyabinsk's
- Che Che's
- Chengdu Chengdu's
+ Chennai Chennai's
- Cheops Cheops's
- Cheri Cheri's
- Chernenko Chernenko's
+ Chernomyrdin Chernomyrdin's
- Cherry Cherry's
- Chesterfield Chesterfield's
- Chevalier Chevalier's
+ Chevron Chevron's
- Chianti Chianti's Chiantis
+ Chibcha Chibcha's
- Chicana Chicana's
+ Chiclets Chiclets's
- Chihuahua Chihuahuas Chihuahua's
- Chi Chi's
- Chimborazo Chimborazo's
- Chimera Chimera's
- Chimu Chimu's
- Ch'in Ch'in's
- Chinooks
- Chipewyan Chipewyan's
- Chiquita Chiquita's
- Chirico Chirico's
- Chittagong Chittagong's
+ Chivas Chivas's
- Chomsky Chomsky's
- Chongqing Chongqing's
+ Chopra Chopra's
+ Chou Chou's
- Chretien Chretien's
- Christa Christa's
- Christendoms
- Christoper Christoper's
- Chrysostom Chrysostom's
- Chrystal Chrystal's
- chuckhole chuckhole's chuckholes
- Chuck Chuck's
- Chukchi Chukchi's
- Chumash Chumash's
+ Churriguera Churriguera's
- Chuvash Chuvash's
- Cid Cid's
+ Cimabue Cimabue's
- Cinderellas
+ CinemaScope CinemaScope's
+ Cipro Cipro's
+ Cisco Cisco's
- Citibank Citibank's
+ Citigroup Citigroup's
- Claiborne Claiborne's
- Clair Clair's
- Clairol Clairol's
- clambake clambake's clambakes
- Clapeyron Clapeyron's
- Clarice Clarice's
- Clarissa Clarissa's
- Claudette Claudette's
- Claudine Claudine's
- Clausewitz Clausewitz's
- Clausius Clausius's
- Clay Clay's
+ Clearasil Clearasil's
- Clem Clem's
- Clemons Clemons's
- Cleo Cleo's
- Cliburn Cliburn's
+ cliched
- Cliff Cliff's
- Cl Cl's
+ Clorets Clorets's
+ Clorox Clorox's
- Clotho Clotho's
- cloture clotures cloture's
+ Clouseau Clouseau's
- Clytemnestra Clytemnestra's
- Cobain Cobain's
- Cochabamba Cochabamba's
- Cochise Cochise's
- cockamamie
- Cockney Cockney's
- Cocteau Cocteau's
- COD
- Cognac Cognac's
- Cohan Cohan's
- Coimbatore Coimbatore's
- Coleen Coleen's
- Colfax Colfax's
- Colleen Colleen's
- Collier Collier's
- Collin Collin's
- Cologne Cologne's
- Colon Colon's
- Colt Colt's
- Columbine Columbine's
- Combs Combs's
+ Comintern Comintern's
- Commons Commons's
- Commonwealth
- Communism
- Communist Communists Communist's
+ Como Como's
- complected
+ Concepcion Concepcion's
- Concetta Concetta's
- Concord Concord's Concords
+ Condillac Condillac's
- Condorcet Condorcet's
+ confrere confrere's confreres
- Confucianisms
- Confucians
- congregational
- Congreve Congreve's
+ Connemara Connemara's
- Connery Connery's
- Conner Connery Conner's
+ Connolly Connolly's
- Constable Constable's
- Constance Constance's
- Consuelo Consuelo's
- Continental Continental's
- Continent Continent's
- Contreras Contreras's
- Cook Cook's
- coon coon's coons
- Cooper Cooper's
+ Cooperstown Cooperstown's
+ Copacabana Copacabana's
+ Coppertone Coppertone's
- Coppola Coppola's
- Cora Cora's
- Cordelia Cordelia's
- Cordilleras Cordilleras's
- Corina Corina's
- Corine Corine's
- Corinne Corinne's
- Coriolanus Coriolanus's
+ Corleone Corleone's
- Cormack Cormack's
- Corneille Corneille's
+ Corning Corning's
- Corot Corot's
- Correggio Correggio's
- Corrine Corrine's
+ cortege cortege's corteges
- Cortes Cortes's Corteses
+ Corvette Corvette's
- Corvus Corvus's
- Cory Cory's
- Cosby Cosby's
+ Costco Costco's
- Costner Costner's
- Cote Cote's
- Cotonou Cotonou's
- Cotopaxi Cotopaxi's
- Cotton Cotton's
- cottonmouth cottonmouths cottonmouth's
- cottonseed cottonseed's cottonseeds
- Coulomb Coulomb's
+ Coulter Coulter's
- coupe coupes coupe's
- Courbet Courbet's
- Coventries
- Coward Coward's
- cowbird cowbirds cowbird's
- cowhand cowhands cowhand's
- cowpoke cowpoke's cowpokes
- cowpuncher cowpuncher's cowpunchers
- Cox Cox's
- Coy Coy's
- Cozumel Cozumel's
- CPO
- crackerjack crackerjacks crackerjack's
- Craft Craft's
- Cranach Cranach's
- Crane Crane's
- Cranmer Cranmer's
- Crater Crater's
- Crayola Crayola's
- Creation Creation's
- Creator Creator's
+ creche creches creche's
+ Crecy Crecy's
- Creek Creek's
- Cree Cree's Creation
- Creole Creole's Creoles
- Creon Creon's
+ Crest Crest's
- Crick Crick's
+ Criollo Criollo's
- Crisco Crisco's
- Cr Cr's
- Croatians
- Croce Croce's
- Croesus Croesus's
- Cronkite Cronkite's
- Cronus Cronus's
- Cross Cross's
+ crouton crouton's
+ crudites crudites's
- Cruikshank Cruikshank's
+ Cruise Cruise's
- cruller cruller's crullers
+ Crusades's
- Crux Crux's
- Crystal Crystal's
+ Csonka Csonka's
- CST CST's
+ Ctesiphon Ctesiphon's
+ Cthulhu Cthulhu's
- CT CT's
- Cuchulain Cuchulain's
- Cuisinart Cuisinart's
- Cunard Cunard's
- Cupid Cupid's
- Curacao Curacao's
- Curie Curie's
- Curitiba Curitiba's
- Curry Curry's
- Curt Curt's
- cuspid cuspid's cuspids
- Cuvier Cuvier's
- Cuzco Cuzco's
+ Cymbeline Cymbeline's
- Cyrano Cyrano's
- Czechoslovakians
- Czerny Czerny's
- Dacrons
- Dagwood Dagwood's
- Dahomey Dahomey's
- Daisy Daisy's
- Dakotan Dakotan's
- Dakotas
- Dale Dale's
- Dalian Dalian's
- Dali Dali's
- DA DA's
- Damian Damian's
- Damion Damion's
- Danelaw Danelaw's
- Dangerfield Dangerfield's
- Danial Danial's
- Danielle Danielle's
- Dannie Dannie's
+ Danone Danone's
- Danton Danton's
- Danubian Danubian's
- Dardanelles Dardanelles's
- Dare Dare's
- Daren Daren's
+ Darfur Darfur's
- Darin Darin's
- Darla Darla's
- Darling Darling's
- Darnell Darnell's
- Darrel Darrel's
- Darrin Darrin's
- Darrow Darrow's
- Darryl Darryl's
- Darth Darth's
- Darvon Darvon's
- Daumier Daumier's
- Davao Davao's
- davenport davenport's davenports
- Davids
- Dawn Dawn's
- Day Day's
- DD DD's
- DDS DDS's
- DE
+ Deadhead Deadhead's
- Deana Deana's
- Deandre Deandre's
- Dean Dean's
- Deanne Deanne's
- Deann Deann's
+ Debian Debian's
- Debora Debora's
+ Debouillet Debouillet's
- Debs Debs's
- Deccan Deccan's
- decedent decedent's decedents
- Decker Decker's
+ decollete
- Dedekind Dedekind's
- Dee Dee's
- Deena Deena's
- Degas Degas's
+ DeGeneres DeGeneres's
- Deidre Deidre's
- Deimos Deimos's
- Deity
- Dejesus Dejesus's
- Delacroix Delacroix's
- Delacruz Delacruz's
- Delawarean Delawareans Delawarean's
- Delawares
- Delbert Delbert's
- Deleon Deleon's
+ Delicious Delicious's
- Dell Dell's
- Delmar Delmar's
- Delmer Delmer's
- Delmonico Delmonico's
- Delores Delores's
- Deloris Deloris's
- Delphinus Delphinus's
- Delta Delta's
- Demavend Demavend's
- Demerol Demerol's
- Demetrius Demetrius's
- Deming Deming's
- Democritus Democritus's
- Demosthenes Demosthenes's
- Dena Dena's
- Deneb Deneb's
- Denebola Denebola's
- Deng Deng's
- Deon Deon's
- deplane deplaning deplaned deplanes
+ Depp Depp's
- deprogram deprograms
+ derailleur derailleur's derailleurs
- Derick Derick's
- Derrick Derrick's
- Derrida Derrida's
+ derriere derrieres derriere's
- Desdemona Desdemona's
- Devanagari Devanagari's
- deviltry deviltries deviltry's
- Devi Devi's
- Devin Devin's
- Dewar Dewar's
- Dewayne Dewayne's
- Dexter Dexter's
- Dhaulagiri Dhaulagiri's
- Diaghilev Diaghilev's
+ Dial Dial's
- Dianna Dianna's
- Diann Diann's
- Diaspora Diaspora's
- DiCaprio DiCaprio's
- Dickens Dickens's
- dicker dickering dickered dickers
- Dick Dick's
+ Didrikson Didrikson's
- Diefenbaker Diefenbaker's
- Diem Diem's
- diereses
- dieresis dieresis's
- Dillard Dillard's
- Dina Dina's
- Dino Dino's
- Diocletian Diocletian's
- Dion Dion's
- Dionne Dionne's
- Diophantine Diophantine's
- Dior Dior's
- Dipper Dipper's
- Dirichlet Dirichlet's
- Dirk Dirk's
- dishpan dishpans dishpan's
- dishrag dishrags dishrag's
- Dis Dis's
- Di Dis Di's
+ Diwali Diwali's
- Dixiecrat Dixiecrat's
- Dixielands
- Dix Dix's
- Dnepropetrovsk Dnepropetrovsk's
- Dniester Dniester's
- DOA
- Dobbin Dobbin's
- Dobro Dobro's
- docent docent's docents
- Doctorow Doctorow's
- Dodge Dodge's
- Doe Doe's
- dogcatcher dogcatchers dogcatcher's
- dogie dogies
- Dole Dole's
- Dollie Dollie's
- Dolly Dolly's
- Dominguez Dominguez's
- Domitian Domitian's
- Dona Dona's
- Donatello Donatello's
- Donetsk Donetsk's
- Don Don's
- Donnell Donnell's
- Donne Donne's
- Donner Donner's
- Donnie Donnie's
- Donn Donn's
- Doonesbury Doonesbury's
- Dorcas Dorcas's
+ Doritos Doritos's
- Dorsey Dorsey's
- Dorthy Dorthy's
- DOS DOS's
- Dot Dot's
- Dotson Dotson's
- Douala Douala's
- Douay Douay's
- Douro Douro's
- Downs Downs's
- downswing downswings
+ Downy Downy's
- DPT
- Draco Draco's
- Draconian Draconian's
- Drake Drake's
- Drambuie Drambuie's
- Drano Drano's
- Dreiser Dreiser's
- Drew
- Dreyfus Dreyfus's
+ Dristan Dristan's
+ Drudge Drudge's
+ Dschubba Dschubba's
- DST
- Dubcek Dubcek's
- Dubhe Dubhe's
- Duchamp Duchamp's
- DUI
- Duke Duke's
+ Dumbledore Dumbledore's
- Dumbo Dumbo's
- dumbwaiter dumbwaiters dumbwaiter's
- Dunant Dunant's
- DuPont DuPont's
- Duran Duran's
- Durante Durante's
- Durant Durant's
+ Durer Durer's
- Durhams
- Durkheim Durkheim's
- Durocher Durocher's
+ Duroc Duroc's
- Duse Duse's
+ Dusseldorf Dusseldorf's
+ Dustbuster Dustbuster's
- Dusty Dusty's
- Duvalier Duvalier's
- Dvina Dvina's
- Dwayne Dwayne's
- dweeb dweebs dweeb's
- DWI
- Dyer Dyer's
+ Dyson Dyson's
- Dzerzhinsky Dzerzhinsky's
+ Dzungaria Dzungaria's
- Eakins Eakins's
- Earhart Earhart's
- Earle Earle's
- Earlene Earlene's
- Earline Earline's
- Earl Earl's
- Earnestine Earnestine's
- Earnest Earnest's
+ Earnhardt Earnhardt's
- Earp Earp's
- Easterner
- Easts
- eatable eatables eatable's
- Ebeneezer Ebeneezer's
- Eben Eben's
+ Ebert Ebert's
- Ebonics Ebonics's
- Ebony Ebony's
- Ebro Ebro's
+ eclat eclat's
+ ECMAScript ECMAScript's
- Eco Eco's
- Ecuadorans
- Ecuadorians
- Edams
- Edda Edda's
+ Eddington Eddington's
- Eddy Eddy's
- Edens
- Edgardo Edgardo's
- Edmond Edmond's
- Edsel Edsel's
- Edwardo Edwardo's
- EEO
- Eeyore Eeyore's
- Efrain Efrain's
- Efren Efren's
+ Eggo Eggo's
+ Ehrenberg Ehrenberg's
- Einsteins
- Eisenstein Eisenstein's
+ Eisner Eisner's
+ Elam Elam's
+ elan elan's
- Elanor Elanor's
+ Elastoplast Elastoplast's
- Elbrus Elbrus's
- Eleazar Eleazar's
- Elinor Elinor's
- Elisa Elisa's
- Eliseo Eliseo's
- Eliza Eliza's
- Elma Elma's
- Elmo Elmo's
- Elnath Elnath's
- Elnora Elnora's
- Eloy Eloy's
- Elsa Elsa's
- Elsinore Elsinore's
- Eltanin Eltanin's
+ Elul Elul's
- Elva Elva's
- Elvia Elvia's
- Elvin Elvin's
+ Elway Elway's
+ Elysee Elysee's
- Elysian Elysian's
- Elysiums
- Emery Emery's
+ emigre emigre's emigres
- Emilia Emilia's
+ Eminem Eminem's
- EMT
+ eMusic eMusic's
+ Encarta Encarta's
- Endymion Endymion's
- Enif Enif's
- Eniwetok Eniwetok's
- Enkidu Enkidu's
- Enos Enos's
- Enrique Enrique's
- Enterprise Enterprise's
+ Epcot Epcot's
+ epee epees epee's
- Epictetus Epictetus's
- Epicurean Epicurean's
- Epimethius Epimethius's
- Epiphany Epiphanies Epiphany's
- Episcopal
+ Epson Epson's
- ERA
- Erato Erato's
- Erebus Erebus's
+ Erector Erector's
+ Erewhon Erewhon's
- Ericka Ericka's
- Erick Erick's
- Eridanus Eridanus's
- Er Er's
- Erma Erma's
- Erna Erna's
- Ernesto Ernesto's
- Eroses
- ErvIn ErvIn's
- escarole escaroles escarole's
- Escherichia Escherichia's
- Escher Escher's
- Esmeralda Esmeralda's
- Esperanza Esperanza's
- Espinoza Espinoza's
+ ESPN ESPN's
- Essene Essene's
- Essequibo Essequibo's
- Essie Essie's
- Establishment
- Esteban Esteban's
- Estela Estela's
+ Esterhazy Esterhazy's
- Ester Ester's
- EST EST's
- Estonians
- Estrada Estrada's
- eta
- ETD
- etiologies
+ Eton Eton's
- Etruria Etruria's
- Etta Etta's
+ etude etudes etude's
- Eugenie Eugenie's
- Eugenio Eugenio's
- Eula Eula's
+ EULA EULAs
- Eu Eu's
- Eumenides Eumenides's
- Eurasians
- Euterpe Euterpe's
- Evangelina Evangelina's
- Evan Evan's
- Eve Eve's
- Evenki Evenki's
- Everette Everette's
- everglade everglade's everglades
- EverReady EverReady's
+ Evert Evert's
+ Evian Evian's
- Evita Evita's
- Excedrin Excedrin's
- Excellency Excellencies Excellency's
+ Exercycle Exercycle's
+ Exocet Exocet's
- Exodus Exodus's
- Eyck Eyck's
- eyestrain eyestrain's
- Eysenck Eysenck's
+ Faberge Faberge's
- Fabian Fabian's
- Fafnir Fafnir's
- Fahd Fahd's
- Faisalabad Faisalabad's
- Faith Faith's
+ Falasha Falasha's
- Fallopian Fallopian's
- Falwell Falwell's
- Fannie Fannie's
- Fanny Fanny's
- Farmer Farmer's
- Farragut Farragut's
- Farrakhan Farrakhan's
+ Farrow Farrow's
+ Farsi Farsi's
- Fassbinder Fassbinder's
+ Fatah Fatah's
- Fates Fates's
+ Fatimid Fatimid's
- Faulknerian Faulknerian's
- Faustino Faustino's
- Faustus Faustus's
- Faye Faye's
- Fay Fay's
- FDIC FDIC's
- FDR FDR's
- Federalist Federalist's
- Federico Federico's
- FedEx FedEx's
- Felecia Felecia's
- Felice Felice's
- Felicity Felicity's
- Fellini Fellini's
- Fe Fe's
- Fenian Fenian's
- Ferber Ferber's
- Ferlinghetti Ferlinghetti's
- Fernandez Fernandez's
- Fern Fern's
- Ferraro Ferraro's
- Ferrell Ferrell's
- feudalistic
- Feynman Feynman's
- Fez Fez's
- FHA FHA's
- Fiat Fiat's
- Fiberglas Fiberglas's
- FICA FICA's
- Fichte Fichte's
- Fido Fido's
- Fielding Fielding's
- Fields Fields's
- Figueroa Figueroa's
- Filofax Filofax's
- Finch Finch's
- fink finking finked finks fink's
- Finnbogadottir Finnbogadottir's
- Fiona Fiona's
- firehouse firehouse's firehouses
- fireplug fireplug's fireplugs
- Fisher Fisher's
- Fizeau Fizeau's
- FL
+ flambeed
- flambeing
+ flambe flambe's flambes
- flatiron flatiron's flatirons
- Flatt Flatt's
- Flaubert Flaubert's
- Fleischer Fleischer's
- Fletcher Fletcher's
- Flint Flint's
- Flintstones Flintstones's
- Flo Flo's Flory
- Flora Flora's
- Floridan Floridan's
- Florine Florine's
+ Florsheim Florsheim's
- Flory Flory's
- Flossie Flossie's
- Flowers Flowers's
- flyspeck flyspecking flyspecked flyspeck's flyspecks
- Fm Fm's
- FNMA FNMA's
- Foch Foch's
- FOFL
+ Folgers Folgers's
- Fomalhaut Fomalhaut's
+ Foosball Foosball's
- Ford Ford's
- Foreman Foreman's
- Forester Forester's
- Forest Forest's
- forevermore
- Formicas
- Forrest Forrest's
- Fortaleza Fortaleza's
- FORTRAN FORTRAN's
+ Fosse Fosse's
- Foster
+ Fotomat Fotomat's
+ Fourneyron Fourneyron's
- Fowler Fowler's
- Fox Fox's
- FPO
- Fragonard Fragonard's
- Francisca Francisca's
- Francoise Francoise's
- Francois Francois's
+ Franglais Franglais's
- Frankfurter Frankfurter's
- Franklin Franklin's
- Frank Franks
- Franks Franks's
- Franny Franny's
+ frappe frappes frappe's
- Fredric Fredric's
- Freeman Freeman's
- Freemasonry Freemasonries Freemasonry's
- Freida Freida's
- Fremont Fremont's
- Freon Freon's
- Frieda Frieda's
- Friedan Friedan's
- Frigga Frigga's
- Froissart Froissart's
- Fromm Fromm's
+ Fronde Fronde's
- Frontenac Frontenac's
- Frostbelt Frostbelt's
- Frost Frost's
- Fry's
+ FSF FSF's
- FSLIC
- Fuentes Fuentes's
- Fugger Fugger's
+ Fujiwara Fujiwara's
- Fulbright Fulbright's
- Fuller Fuller's
- Fundy Fundy's
+ Furtwangler Furtwangler's
- Fushun Fushun's
- fussbudget fussbudgets fussbudget's
- futz futzed futzes futzing
- Fuzhou Fuzhou's
- Fuzzbuster Fuzzbuster's
- GA
- Gable Gable's
- Gabriela Gabriela's
- Gacrux Gacrux's
- Gaea Gaea's
- Gage Gage's
+ Gaiman Gaiman's
- Galahads
- Galatea Galatea's
- Galatia Galatia's
- Gale Gale's
- Galen
- Galibi Galibi's
- Gallegos Gallegos's
- Gall Gall's
+ Gallo Gallo's
- Galsworthy Galsworthy's
- Galvani Galvani's
+ Gamay Gamay's
- Gamble Gamble's
- Gamow Gamow's
- Gandhian Gandhian's
+ Ganesha Ganesha's
- Gangtok Gangtok's
- gantlet gantlets gantlet's
- Gantry Gantry's
+ Gap Gap's
- garbageman
- garbanzo garbanzo's garbanzos
- Gargantua Gargantua's
- Garland Garland's
- Garner Garner's
- Garrison Garrison's
- Garza Garza's
- Gascony Gascony's
- Gasser Gasser's
- Gates Gates's
- Gatorade Gatorade's
- Gatun Gatun's
- Gauls
- Gauss Gauss's
- Gautama Gautama's
- Gawain Gawain's
- Gayle Gayle's
- Gay Gay's
- Gaziantep Gaziantep's
- Gdansk Gdansk's
- Gd Gd's
+ Geffen Geffen's
- Gehrig Gehrig's
+ Gelbvieh Gelbvieh's
+ Geller Geller's
- GE GE's
- Gena Gena's
- Genaro Genaro's
- Gene Gene's
- Genesis Genesis's
- Genoas
+ Gentoo Gentoo's
- Gentry Gentry's
- Geo Geo's
- Georgina Georgina's
- Gerardo Gerardo's
+ Gere Gere's
- Geritol Geritol's
- Geronimo Geronimo's
- Gestapos
+ Gewurztraminer Gewurztraminer's
- Ghanaian
- Ghats Ghats's
+ Ghazvanid Ghazvanid's
- Ghibelline Ghibelline's
- Giacometti Giacometti's
- Giannini Giannini's
- Giauque Giauque's
- Gibbon Gibbon's
- Gibraltars
- Gide Gide's
- Gielgud Gielgud's
- Gienah Gienah's
- Gila Gila's
- Gilberto Gilberto's
- Gilda Gilda's
- Gilliam Gilliam's
- Gillian Gillian's
- Gilligan Gilligan's
- Gill Gill's
- Gil Gil's
- Ginger Ginger's
- gingersnap gingersnaps gingersnap's
- Gingrich Gingrich's
- Ginny Ginny's
- Ginsberg Ginsberg's
- Ginsburg Ginsburg's
+ Ginsu Ginsu's
- Giorgione Giorgione's
- Giotto Giotto's
- Giraudoux Giraudoux's
- Giselle Giselle's
- Gish Gish's
+ Giuliani Giuliani's
- Giza Giza's
- Gladstones
- Glass Glass's
+ Glaxo Glaxo's
+ Glenlivet Glenlivet's
- Glen Glen's
- Glenna Glenna's
- glop glop's
- Glover Glover's
- GM GM's
- Gnosticism Gnosticism's
- Gnostic Gnostic's
+ GNU GNU's
- goaltender goaltender's goaltenders
- Goa Goa's
+ Godel Godel's
- Godiva Godiva's
- Godot Godot's
- Godthaab Godthaab's
- Godunov Godunov's
- Goebbels Goebbels's
- Goethals Goethals's
- Gog Gog's
- Gogol Gogol's
- Goiania Goiania's
- Golan Golan's
- Golconda Golconda's
- Golden Golden's
- Goldie Goldie's
- Goldilocks Goldilocks's
- Goldsmith Goldsmith's
- Goldwater Goldwater's
- Goldwyn Goldwyn's
+ Golgi Golgi's
- Gompers Gompers's
+ Gomulka Gomulka's
- Gonzalo Gonzalo's
- goober goobers goober's
+ Goodall Goodall's
- Good Good's
+ Goodwill Goodwill's
- gook gook's gooks
+ Goolagong Goolagong's
- Gopher
- Gordimer Gordimer's
- Gore Gore's
- Gorey Gorey's
- Gorgas Gorgas's
+ Goteborg Goteborg's
- Gotham Gotham's
- Gothics
- Goths
- Goudas
+ Grable's
- Gracchus Gracchus's
- Graceland Graceland's
- Grace Grace's
- Graciela Graciela's
- Graffias Graffias's
- Grahame Grahame's
- Grail Grail's
- Grampians Grampians's
- Grant Grant's
- Grass Grass's
- Graves Graves's
- graybeard graybeards graybeard's
- Green Green's
- Greensleeves Greensleeves's
+ Greenspan Greenspan's
- Gregorio Gregorio's
- Grendel Grendel's
- Gretzky Gretzky's
- Grey Grey's
- griddlecake griddlecakes griddlecake's
- Griffin Griffin's
- Grinch Grinch's
- grippe grippe's
- Gris Gris's
- Gromyko Gromyko's
- Gropius Gropius's
- Gross Gross's
- Grotius Grotius's
- Grover Grover's
+ Grunewald Grunewald's
- Grus Grus's
+ Gruyere Gruyeres Gruyere's
+ GTE GTE's
- Guadalquivir Guadalquivir's
- Guallatiri Guallatiri's
- Guangzhou Guangzhou's
- Guantanamo Guantanamo's
- Guarani Guarani's
- Guarnieri Guarnieri's
- Guayaquil Guayaquil's
- Guelph Guelph's
- Guernseys
- Guerra Guerra's
- Guillermo Guillermo's
- Guinean Guinean's Guineans
- Guiyang Guiyang's
- Guizot Guizot's
- Gujranwala Gujranwala's
- gulag gulag's gulags
+ Gumbel Gumbel's
- gunslinger gunslingers gunslinger's
- Guofeng Guofeng's
- Gupta Gupta's
- gurney gurney's gurneys
- Gustavus Gustavus's
- Guy Guy's
- Guzman Guzman's
- Gwalior Gwalior's
- Gwendoline Gwendoline's
- Gwendolyn Gwendolyn's
- Gwyn Gwyn's
- Gypsy Gypsies Gypsy's
- gyro gyros gyro's
- Haas Haas's
- Habakkuk Habakkuk's
- Haber Haber's
+ habitue habitue's habitues
- Hadar Hadar's
- Hades Hades's
- Hagiographa Hagiographa's
- Haiphong Haiphong's
- Hakka Hakka's
- Hakluyt Hakluyt's
- Haldane Haldane's
- Haleakala Haleakala's
- Hale Hale's
+ Halliburton Halliburton's
- Hallie Hallie's
- Hall Hall's
- Hallmark Hallmark's
+ Hallstatt Hallstatt's
+ Halon Halon's
- Hals Hals's
- Haman Haman's
- Hamburgs
- Hamhung Hamhung's
- Hamilcar Hamilcar's
+ Hamill Hamill's
- Hamitic Hamitic's
- Hamlet Hamlet's
- Ham Ham's
- Hammarskjold Hammarskjold's
- Hammerstein Hammerstein's
- Hammurabi Hammurabi's
- Hamsun Hamsun's
- handcar handcar's handcars
- Handy Handy's
- Hangul Hangul's
- Hangzhou Hangzhou's
- Hank Hank's
- Han Han's
- happenstance happenstances happenstance's
- hardtack hardtack's
- Hardy Hardy's
- Harlequin Harlequin's
- Harper Harper's
- Harrell Harrell's
- Harriett Harriett's
+ Harrods Harrods's
- Harry
- Harte Harte's
- Hartline Hartline's
- Hart Hart's
- Hasidim Hasidim's
- hath
+ Hatsheput Hatsheput's
- Hatteras Hatteras's
- Hausa Hausa's
- Hausdorff Hausdorff's
- Havanas
- Havarti Havarti's
- Havel Havel's
+ Havoline Havoline's
- Hawking Hawking's
- Hay Hay's Hays
- Hays Hays's
+ Hayworth Hayworth's
- Hazel Hazel's
- HBO HBO's
- Head Head's
- headwaiter headwaiters headwaiter's
- Heather Heather's
- Heath Heath's
- Heaviside Heaviside's
- Hebe Hebe's
- Hebert Hebert's
- Hecate Hecate's
- Hector Hector's
- Hecuba Hecuba's
- Heep Heep's
- Hefner Hefner's
- Hegira Hegira's
- Heidegger Heidegger's
- Heifetz Heifetz's
- Heimlich Heimlich's
- Heineken Heineken's
- Heine Heine's
- Heinlein Heinlein's
+ Heisman Heisman's
- Helga Helga's
- Helicon Helicon's
- Heliopolis Heliopolis's
- Hellenisms
- Hellespont Hellespont's
- hellion hellion's hellions
- Hellman Hellman's
+ Heloise Heloise's
- Helvetius Helvetius's
- He He's
- Hench Hench's
+ Hennessy Hennessy's
- Hensley Hensley's
- Henson Henson's
- Hepburn Hepburn's
- Hephaestus Hephaestus's
- Hepplewhite Hepplewhite's
- Heraclitus Heraclitus's
- Hera Hera's
- Herbart Herbart's
- Herder Herder's
+ Herero Herero's
- Heriberto Heriberto's
- Herminia Herminia's
+ Hermitage Hermitage's
- Hermite Hermite's
- Hermosillo Hermosillo's
- Herrera Herrera's
- Herring Herring's
- Hersey Hersey's
- Hertz Hertz's
- Hertzsprung Hertzsprung's
- Herzl Herzl's
+ Heshvan Heshvan's
- Hesiod Hesiod's
- Hesse Hesse's
- Heston Heston's
- Heyerdahl Heyerdahl's
- Hf Hf's
- HHS
- HI
- hibachi hibachis hibachi's
- Hickok Hickok's
- Hicks Hicks's
- Hieronymus Hieronymus's
- highball highball's highballs
- highboy highboy's highboys
- highchair highchairs highchair's
- Highlander Highlanders Highlander's
- hightail hightailing hightailed hightails
- Hilario Hilario's
- Hilda Hilda's
+ Hilfiger Hilfiger's
- Hillel Hillel's
- Hill Hill's
- Himalaya Himalaya's
- Himmler Himmler's
- Hinayana Hinayana's
- Hindustani Hindustani's
- Hinton Hinton's
- Hipparchus Hipparchus's
- Hippocrates Hippocrates's
+ Hirobumi Hirobumi's
- Hirohito Hirohito's
- Hispaniola Hispaniola's
- Hiss Hiss's
- Hitlers
- Hmong Hmong's
+ hoagie hoagie's hoagies
- Hockney Hockney's
- hockshop hockshop's hockshops
- Hodge Hodge's Hodges
- Hodges Hodges's
- hoedown hoedown's hoedowns
- Hoffa Hoffa's
- Hofstadter Hofstadter's
- Hogan Hogan's
+ Hogwarts Hogwarts's
- Hohenlohe Hohenlohe's
- Hohenstaufen Hohenstaufen's
- Hohenzollern Hohenzollern's
- Hohhot Hohhot's
+ Hohokam Hohokam's
- hokum hokum's
- Hokusai Hokusai's
- Holbein Holbein's
- Holder Holder's
- Holiday Holiday's
- Hollands
- Holley Holley's
- Hollie Hollie's
- Hollis Hollis's
- Holly Holly's
- Holsteins
- Ho Ho's
- homeboy homeboy's homeboys
- Homer Homer's
- hominy hominy's
- Honduran Honduran's Hondurans
- hooch
- Hood Hood's
- Hooker Hooker's
- hooky hooky's
- Hooper Hooper's
+ Hooters Hooters's
- Hoover
- Hope Hope's
- Hopewell Hopewell's
- Hopi Hopi's
- Hopper Hopper's
- Horacio Horacio's
- Hormel Hormel's
- Horn Horn's
- horsehide horsehide's
+ Horthy Horthy's
- Horus Horus's
- hosteler hosteler's hostelers
+ Hotpoint Hotpoint's
- Housman Housman's
- Houyhnhnm Houyhnhnm's
- HOV
+ Hovhaness Hovhaness's
- Howells Howells's
- HR
- Hrothgar Hrothgar's
- HS
+ HSBC HSBC's
- HST
- HTML HTML's
- HTTP
- Huerta Huerta's
- Huff Huff's
- Hui Hui's
+ Huitzilopotchli Huitzilopotchli's
- Humberto Humberto's
+ Hummer Hummer's
- Humvee Humvee's
- Hunter Hunter's
- Huntington Huntington's
- Hunt Hunt's
- Hus Hus's
- Husserl Husserl's
+ Hussite Hussite's
- Hutton Hutton's
- Hyades Hyades's
- Hydra Hydra's
- Hymen Hymen's
- hypoglycemia hypoglycemia's
- hypoglycemic hypoglycemics hypoglycemic's
- Iaccoca Iaccoca's
- Iago Iago's
+ Iapetus Iapetus's
- Ibadan Ibadan's
+ Iblis Iblis's
- Ibo Ibo's
+ Icahn Icahn's
- ICBM ICBM's
- Idahoan Idahoans Idahoan's
- Idahoes
- Idahos
- IE
- Ieyasu Ieyasu's
- Ignacio Ignacio's
- Iguassu Iguassu's
- Ijsselmeer Ijsselmeer's
- Ikhnaton Ikhnaton's
- IL
- Ila Ila's
- Ilene Ilene's
- Illuminati Illuminati's
- Ilyushin Ilyushin's
- Imelda Imelda's
- IMF IMF's
+ Imhotep Imhotep's
- IMNSHO
- IMO
+ Imodium Imodium's
- Imogene Imogene's
- Imus Imus's
- IN
- Ina Ina's
- incorrectness incorrectness's
- Independence Independence's
- Indianan Indianan's Indianans
- Indochinese Indochinese's
- Indore Indore's
- Indra Indra's
- Indus Indus's
- Ines Ines's
- Inez Inez's
- Inge Inge's
+ ingenue ingenues ingenue's
- Inglewood
+ ING ING's
- Ingres Ingres's
- Ingrid Ingrid's
- In In's
- Innocent Innocent's
- Inonu Inonu's
- Inquisition Inquisition's
- inseam inseams inseam's
+ Instamatic Instamatic's
- Internationale Internationale's
- interscholastic
+ Inuktitut Inuktitut's
+ Invar Invar's
- Ionesco Ionesco's
- Ionic Ionics Ionic's
- Iowan Iowan's Iowans
- Iowas
- Iphigenia Iphigenia's
- Iquitos Iquitos's
- Iris Iris's
- Irrawaddy Irrawaddy's
- irregardless
- Irtish Irtish's
- Isabelle Isabelle's
- Isfahan Isfahan's
- Isherwood Isherwood's
- Ishim Ishim's
- Ishtar Ishtar's
- Isiah Isiah's
- Isidro Isidro's
+ Islamism Islamism's
+ Islamist Islamist's
- Ismael Ismael's
+ Ismail Ismail's
- Ispell Ispell's
- Israels
+ Issachar Issachar's
- Issac Issac's
- Isuzu Isuzu's
- Itaipu Itaipu's
- Itasca Itasca's
- Iva Iva's
- Ivory Ivory's
- Ivy Ivy's
+ Iyar Iyar's
- Izaak Izaak's
- Izanagi Izanagi's
- Izanami Izanami's
- Izhevsk Izhevsk's
- Izmir Izmir's
+ Izod Izod's
- Izvestia Izvestia's
- Jacklyn Jacklyn's
- Jack Jack's
- jackrabbit jackrabbit's jackrabbits
- Jacksonian Jacksonian's
- Jaclyn Jaclyn's
- Jacquard Jacquard's
- Jacquelyn Jacquelyn's
+ Jagiellon Jagiellon's
+ Jaguar Jaguar's
+ Jahangir Jahangir's
- Jain Jain's
+ jalapeno jalapenos jalapeno's
- Jamaal Jamaal's
- Jamal Jamal's
- Jamar Jamar's
- Jamel Jamel's
- Jame Jame's
- Jami Jami's
- Janelle Janelle's
- Janell Janell's
- Janette Janette's
- Janie Janie's
- Janine Janine's
+ Janissary Janissary's
+ Janjaweed Janjaweed's
- Janna Janna's
- Jannie Jannie's
- Jansenist Jansenist's
- Janus Janus's
- japan japanned japanning japans japan's
- Japura Japura's
+ jardiniere jardinieres jardiniere's
- Jared Jared's
- Jarlsberg Jarlsberg's
- Jarred Jarred's
- Jarrett Jarrett's
- Jarrod Jarrod's
- Jasmine Jasmine's
- Jasper Jasper's
+ Jataka Jataka's
- Javas
- Javier Javier's
- Jaxartes Jaxartes's
- Jayapura Jayapura's
+ Jayawardene Jayawardene's
- Jay Jay's
- Jayne Jayne's
- Jayson Jayson's
- Jeanine Jeanine's
- Jeannette Jeannette's
- Jeannine Jeannine's
- Jedi Jedi's
- Jed Jed's
- Jefferey Jefferey's
- Jeffersonian Jeffersonian's
- Jeffery Jeffery's
- Jeffry Jeffry's
- jellybean jellybeans
- Jenifer Jenifer's
- Jenna Jenna's
- Jenny Jenny's
- Jephthah Jephthah's
- Jerald Jerald's
- Jeremiahs
- Jeri Jeri's
- jerkwater
- Jermaine Jermaine's
- Jeroboam Jeroboam's
- Jerold Jerold's
- Jerri Jerri's
- Jerrod Jerrod's
- Jerrold Jerrold's
- Jerry Jerry's
- Jerseys
- Jess Jess's
+ Jetway Jetway's
- Jewell Jewell's
- Jewel Jewel's
- JFK JFK's
- Jidda Jidda's
- Jilin Jilin's
- Jillian Jillian's
- Jill Jill's
- Jimmie Jimmie's
- jimmy jimmies
- Jinan Jinan's
- Jinnah Jinnah's
- Jinny Jinny's
- jinrikisha jinrikishas
- jitney jitneys jitney's
- Jivaro Jivaro's
- Joann Joann's
- Jobs Jobs's
- Job Jobs Job's
- Jocasta Jocasta's
- Jocelyn Jocelyn's
+ Jockey Jockey's
- Jock Jock's
- Jodi Jodi's
- Jody Jody's
- Joesph Joesph's
- Joey Joey's
- Jogjakarta Jogjakarta's
- Johnathan Johnathan's
- Johnathon Johnathon's
- Johnie Johnie's
- Johnny Johnny's
- Jolene Jolene's
- Jolson Jolson's
- Jonahs
- Jonathon Jonathon's
- Joni Joni's
- Jonson Jonson's
- Josefa Josefa's
- Josefina Josefina's
- Josephs
- josh josh's joshed joshes joshing
- Josie Josie's
- Josue Josue's
- Joule Joule's
- Jovian Jovian's
- Joycean Joycean's
- Joy Joy's
- Joyner Joyner's
- JP
- Juana Juana's
- Juarez Juarez's
- Jubal Jubal's
- Judases
- Juggernaut Juggernaut's
- Julianne Julianne's
- Juliette Juliette's
+ Julliard Julliard's
- Jurua Jurua's
- Justice Justice's
- Justinian Justinian's
- JV
- Kaaba Kaaba's
- Kahlua Kahlua's
- Kaifeng Kaifeng's
- Kaiser Kaiser's
- Kaitlin Kaitlin's
- Kalb Kalb's
+ Kalevala Kalevala's
- Kalgoorlie Kalgoorlie's
- Kalmyk Kalmyk's
- Kama Kama's
- Kamchatka Kamchatka's
- Kamehameha Kamehameha's
- Kanchenjunga Kanchenjunga's
- Kandinsky Kandinsky's
- Kanpur Kanpur's
- Kansan Kansans Kansan's
- Kaohsiung Kaohsiung's
- Kaposi Kaposi's
- Karaganda Karaganda's
- Karakorum Karakorum's
- Kara Kara's
- Karamazov Karamazov's
- Kareem Kareem's
- Karenina Karenina's
- Kari Kari's
- Karina Karina's
- Karin Karin's
- Karla Karla's
- Karloff Karloff's
- Karol Karol's
- Karo Karo's
- Karroo Karroo's
- Karyn Karyn's
- Kasey Kasey's
- Kasparov Kasparov's
- Katelyn Katelyn's
- Katheryn Katheryn's
- Kathiawar Kathiawar's
- Kathie Kathie's
- Kathrine Kathrine's
- Kathryn Kathryn's
- Katina Katina's
- Katowice Katowice's
- Katy Katy's
- Kaunas Kaunas's
- Kawabata Kawabata's
- Kaye Kaye's
- Kayla Kayla's
- Kazan Kazan's
- Kazantzakis Kazantzakis's
- Keaton Keaton's
- Keewatin Keewatin's
- Keillor Keillor's
- Keisha Keisha's
- Kellie Kellie's
- Kelli Kelli's
- Kelvin Kelvin's
- Kemerovo Kemerovo's
- Kempis Kempis's
- Kendra Kendra's
- Kendrick Kendrick's
- Kenmore Kenmore's
- Kennan Kennan's
- Kennith Kennith's
- Kentuckian Kentuckian's Kentuckians
- Keogh Keogh's
- Keokuk Keokuk's
- Kerensky Kerensky's
- Keri Keri's
- Kerouac Kerouac's
- Kerri Kerri's
- Keven Keven's
- Kevlar Kevlar's
- Kevorkian Kevorkian's
- Key Key's
+ KFC KFC's
- Khan Khan's
- Kharkov Kharkov's
- Khayyam Khayyam's
+ Khazar Khazar's
+ Khoikhoi Khoikhoi's
- Khomeini Khomeini's
- Khorana Khorana's
- Khufu Khufu's
- Khulna Khulna's
- Khwarizmi Khwarizmi's
- KIA
- kibitz kibitzing kibitzed kibitzes
- kibitzer kibitzers
- Kickapoo Kickapoo's
- kielbasa kielbasa's kielbasas
- Kierkegaard Kierkegaard's
- Kieth Kieth's
+ Kilroy Kilroy's
- kinfolks kinfolks's
- King King's
+ Kinko's Kinko's's
- Kip Kip's
- Kirchhoff Kirchhoff's
- Kirghistan Kirghistan's
- Kirinyaga Kirinyaga's
- Kirk Kirk's
- Kirsten Kirsten's
- Kishinev Kishinev's
+ Kislev Kislev's
- Kissinger Kissinger's
- Kit Kit's Kitty
- Kitty Kitty's
- KKK KKK's
- Klee Klee's
+ Klimt Klimt's
- Klondikes
+ Kmart Kmart's
- Kngwarreye Kngwarreye's
- Knickerbocker Knickerbocker's
- Knievel Knievel's
- Knight Knight's
+ knockwurst knockwursts
- Knopf Knopf's
- knucklehead knuckleheads knucklehead's
- Kochab Kochab's
- Koestler Koestler's
- Kohinoor Kohinoor's
+ Koizumi Koizumi's
+ Kojak Kojak's
- Kolyma Kolyma's
- Kommunizma Kommunizma's
- Kongo Kongo's
- kook kooks
- Koontz Koontz's
+ Koppel Koppel's
- Kornberg Kornberg's
- Kory Kory's
- Korzybski Korzybski's
- Kossuth Kossuth's
- Kosygin Kosygin's
+ Koufax Koufax's
- KP
- Kraft Kraft's
- Krasnodar Krasnodar's
- Krasnoyarsk Krasnoyarsk's
- Kresge Kresge's
- Kringle Kringle's
+ Krishnamurti Krishnamurti's
- Krista Krista's
- Kristen Kristen's
- Kristie Kristie's
- Kristi Kristi's
- Kristine Kristine's
- Kristopher Kristopher's
- Kristy Kristy's
- Kr Kr's
- Kroc Kroc's
- Kroger Kroger's
- Krugerrand Krugerrand's
- Krystal Krystal's
+ Kshatriya Kshatriya's
- Kuibyshev Kuibyshev's
+ Kulthumm Kulthumm's
- Kunming Kunming's
- Kurtis Kurtis's
- Kusch Kusch's
+ Kutuzov Kutuzov's
- Kuznetsk Kuznetsk's
- Kuznets Kuznets's
- Kwakiutl Kwakiutl's
- Kwangju Kwangju's
+ Kwan Kwan's
- KY
- Kyle Kyle's
- LA
- Laban Laban's
- Labradors
- Lacey Lacey's
- Lachesis Lachesis's
- Lacy Lacy's
- Ladoga Ladoga's
- Ladonna Ladonna's
- ladyfinger ladyfingers
- ladyship ladyship's
- Lafitte Lafitte's
- lagniappe lagniappes
- Laius Laius's
+ Lajos Lajos's
- Lakeisha Lakeisha's
- Lakisha Lakisha's
- Lakshmi Lakshmi's
- Lamarck Lamarck's
- Lamaze Lamaze's
- Lamb Lamb's
+ Lambrusco Lambrusco's
- L'Amour L'Amour's
- Lance Lance's
- Land Land's Landry
- Landon Landon's
- Landry Landry's
- Landsat Landsat's
- Landsteiner Landsteiner's
- Lane Lane's
- Langerhans Langerhans's
- Langland Langland's
- Langmuir Langmuir's
- Lanny Lanny's
- Lanzhou Lanzhou's
- Laocoon Laocoon's
- Lao Lao's
- Lapps
- Lardner Lardner's
- Lascaux Lascaux's
- Lassa Lassa's
- Lassen Lassen's
- Lassie Lassie's
- Latasha Latasha's
- Latisha Latisha's
- Latonya Latonya's
- Latoya Latoya's
- Latvians
- Lauder Lauder's
- Laud Laud's
- Laue Laue's
- Laurasia Laurasia's
- Laurel Laurel's
- Lauri Lauri's
- Laverne Laverne's
- Lavern Lavern's
- Lavoisier Lavoisier's
- Lavonne Lavonne's
- Lawanda Lawanda's
- Layamon Layamon's
- Layla Layla's
- Lazaro Lazaro's
- Leach Leach's
- Leadbelly Leadbelly's
- Lea Lea's
- Lean Lean's
- Leanna Leanna's
- Leanne Leanne's
- Leann Leann's
+ Learjet Learjet's
- LED
- Lederberg Lederberg's
- Leeward Leeward's
- Left
- Leger Leger's
- Leghorn Leghorn's
- Legree Legree's
- Lela Lela's
- Lelia Lelia's
- Le Le's
- Lemaitre Lemaitre's
- Lemuel Lemuel's
- Lemuria Lemuria's
- Lenard Lenard's
- Lenoir Lenoir's
- Lenora Lenora's
- Leola Leola's
- Leoncavallo Leoncavallo's
- Leonel Leonel's
- Leonidas Leonidas's
- Leonor Leonor's
- Leopoldo Leopoldo's
- Lepidus Lepidus's
- Lepke Lepke's
- Lepus Lepus's
- Lerner Lerner's
- Lesa Lesa's
- Lesseps Lesseps's
- Lessie Lessie's
+ Lestrade Lestrade's
- Leta Leta's
- Letha Letha's
- Leticia Leticia's
- Letterman Letterman's
- Levesque Levesque's
- Leviathan Leviathan's
- Levi's's
- Levitt Levitt's
- Levy Levy's
- Lewinsky Lewinsky's
- Lew Lew's
- Lexus Lexus's
+ LG LG's
- Lhotse Lhotse's
- Librium Librium's
- Lidia Lidia's
- Liege Liege's
- Lie Lie's
- Lilia Lilia's
- Liliana Liliana's
- Lilian Lilian's
- Lilith Lilith's
- Liliuokalani Liliuokalani's
- Lille Lille's Lilly
- Lilly Lilly's
- Lily's
- Limbaugh Limbaugh's
- Limoges Limoges's
+ Limousin Limousin's
- Lina Lina's
- Lincolns
- Lindy Lindy's
- lingerings
- Linwood Linwood's
+ Lipizzaner Lipizzaner's
- Lippi Lippi's
- Lippmann Lippmann's
- Listerine Listerine's
- Liston Liston's
- Lithuanians
- Little Little's
- livability livability's
- liverwurst
- Livia Livia's
- Livy Livy's
- Liza Liza's
- Loafer Loafers Loafer's
- Lochinvar Lochinvar's
- Lockean Lockean's
- lockstep lockstep's
- Lodge Lodge's
- Lodz Lodz's
- Loewe Loewe's
- Loewi Loewi's
+ Loews Loews's
- Lolita Lolita's
+ Lollard Lollard's
+ Lollobrigida Lollobrigida's
+ lollygag lollygagged lollygagging lollygags
- Lombardi Lombardi's
- Lome Lome's
- Long Long's
- Lon Lon's
- Lonnie Lonnie's
- Loraine Loraine's
- Lora Lora's
- lordship lordships lordship's
+ L'Oreal L'Oreal's
- Lorelei Lorelei's
- Lorena Lorena's
- Lorene Lorene's
- Lorie Lorie's
- Lorna Lorna's
- Lorre Lorre's
- Lorrie Lorrie's
+ Los
- Lothario Lothario's
- Lot Lot's
- Lottie Lottie's
- Lott Lott's
- Louella Louella's
- Louisianans
- Louisianian Louisianian's Louisianians
- L'Ouverture L'Ouverture's
- Louvre Louvre's
- Lovecraft Lovecraft's
- Love Love's
+ Lowenbrau Lowenbrau's
- Loyang Loyang's
- Loyd Loyd's
- LP
- LPN LPN's
- Lr
- Luann Luann's
- luau
- luaus
+ Lubavitcher Lubavitcher's
- Luciano Luciano's
- Lucile Lucile's
- Lucinda Lucinda's
- Lucio Lucio's
- Lucite Lucite's
- Lucius Lucius's
- Lucknow Lucknow's
- Luella Luella's
- Luger Luger's
- Lugosi Lugosi's
- Luigi Luigi's
- Luisa Luisa's
- Lula Lula's
+ Lully Lully's
- Lulu Lulu's
- lumberman lumberman's
- lumbermen
+ Lumiere Lumiere's
- lummox lummoxes
- lunchroom lunchrooms
- Lupe Lupe's
+ Lupercalia Lupercalia's
- Lupus Lupus's
- Luria Luria's
- Lutheranism Lutheranism's
+ Luvs Luvs's
- Luz Luz's
+ Lvov Lvov's
- Lycurgus Lycurgus's
- Lyell Lyell's
- Lyly Lyly's
- Lynch Lynch's
- Lynda Lynda's
- Lynette Lynette's
- Lynne Lynne's
- Lynnette Lynnette's
- Lyra Lyra's
- Lysistrata Lysistrata's
- LyX LyX's
- Maalox Maalox's
- Mable's
- Macaulay Macaulay's
- Macbeth Macbeth's
+ MacBride MacBride's
- Maccabeus Maccabeus's
- Macedonians
- Macias Macias's
- Macintosh Macintosh's
- Mackinac Mackinac's
- Mackinaw Mackinaw's
- mackinaw mackinaws mackinaw's
- Mack Mack's
- MacLeish MacLeish's
- Mac Mac's
+ macrame macrame's
+ Macumba Macumba's
- Macy Macy's
- Madden Madden's
- Madeiras
- Madelyn Madelyn's
- Madge Madge's
- Madonnas
- Madras Madras's
- Madurai Madurai's
- Maeterlinck Maeterlinck's
- Magellanic Magellanic's
+ Maghreb Maghreb's
- Magi
- Maginot Maginot's
- Magnitogorsk Magnitogorsk's
- Magoo Magoo's
- Magritte Magritte's
- Magsaysay Magsaysay's
- Magyars
- Mahabharata Mahabharata's
- Maharashtra Maharashtra's
- Mahavira Mahavira's
- Mahdi Mahdi's
- Mahfouz Mahfouz's
- Mahican Mahican's Mahicans
+ Maidenform Maidenform's
- Maigret Maigret's
- Mailer Mailer's
- Maillol Maillol's
- Mai Mai's
- Maiman Maiman's
- Maimonides Maimonides's
- Maisie Maisie's
+ Maitreya Maitreya's
- Major Major's
- Makarios Makarios's
- Malabar Malabar's
- Malacca Malacca's
- Malachi Malachi's
- Malayalam Malayalam's
- Malays
- Maldive Maldive's
- Maldivian Maldivian's Maldivians
- Maldonado Maldonado's
- Malian Malians Malian's
- Malinda Malinda's
- Malinowski Malinowski's
+ Mallarme Mallarme's
+ Mallomars Mallomars's
- Malory Malory's
+ Malplaquet Malplaquet's
- Malraux Malraux's
- Malthus Malthus's
+ Mameluke Mameluke's
- Mamet Mamet's
- Mamie Mamie's
- mammon mammon's
- Mamore Mamore's
- Mancini Mancini's
- Mandingo Mandingo's
+ Mandrell Mandrell's
- Mandy Mandy's
+ manege manege's
- Manhattans
- Manichean Manichean's
- Manilas
- Manitoulin Manitoulin's
- Manning's
+ manque
- Manson Manson's
- Mantegna Mantegna's
- Mantle Mantle's
- Manuela Manuela's
- Maoisms
- Maoist Maoists Maoist's
- Mapplethorpe Mapplethorpe's
+ Maratha Maratha's
- Marathon Marathon's
- Marat Marat's
- Marcelino Marcelino's
- Marcella Marcella's
- Marcelo Marcelo's
- Marciano Marciano's
- Marci Marci's
- Marduk Marduk's
- margarita
- Margarita Margarita's
- Margarito Margarito's
- Margie Margie's
- Margrethe Margrethe's
- Margret Margret's
- mariachi mariachis
- Maria Maria's
- Mariano Mariano's
- Maribel Maribel's
- Maricela Maricela's
- Marisa Marisa's
- Maris Maris's
- Mari Maris Mari's
- Marisol Marisol's
- Maritain Maritain's
- Maritza Maritza's
- Markab Markab's
- Marks Marks's
- Mark Marks Mark's
- Marla Marla's
- Marlboro Marlboro's
- Marlin Marlin's
- Marlon Marlon's
- Marmara Marmara's
- Marne Marne's
+ Maronite Maronite's
+ Marple Marple's
- Marquesas Marquesas's
- Marquez Marquez's
- Marquis Marquis's
- Marquita Marquita's
+ Marsala Marsala's
- Marsh Marsh's
- Martial Martial's
- Martina Martina's
- martini martinis martini's
- Martin Martin's
- Marva Marva's
- Maryanne Maryanne's
- Maryann Maryann's
- Maryellen Maryellen's
- Marylander Marylander's
- Marylou Marylou's
- Masada Masada's
- Masaryk Masaryk's
- Masefield Masefield's
+ Maserati Maserati's
- Mashhad Mashhad's
- Masonic Masonic's
- Massasoit Massasoit's
- Masters Masters's
- Mather Mather's
- Mathew Mathew's
- Mathewson Mathewson's
+ matzoh matzoh's matzohs
- Maugham Maugham's
- Maupassant Maupassant's
- Maura Maura's
- Mauriac Mauriac's
- Maurois Maurois's
- Mauro Mauro's
+ Mauryan Mauryan's
- maven mavens maven's
- Max Max's
- Mayas
- Mayflower Mayflower's
- Mayra Mayra's
- Mays's
+ Maytag Maytag's
- Mazama Mazama's
- Mazarin Mazarin's
- Mazatlan Mazatlan's
+ Mazola Mazola's
- Mazzini Mazzini's
- Mb
- Mbini Mbini's
- MC
- McAdam McAdam's
- McCain McCain's
- McCarthyism McCarthyism's
- McCray McCray's
- McEnroe McEnroe's
- McGuffey McGuffey's
- McLuhan McLuhan's
- McNamara McNamara's
+ McQueen McQueen's
+ McVeigh McVeigh's
- ME
- Mead Mead's
- Meadows Meadows's
- Meagan Meagan's
- meagerly
- meagerness meagerness's
- Meany Meany's
- Medan Medan's
- Medea Medea's
- Medellin Medellin's
+ Media Media's
- Megan Megan's
- Meghan Meghan's
- Meighen Meighen's
- Meiji Meiji's
- Meir Meir's
- Mejia Mejia's
- Melchior Melchior's
+ Melchizedek Melchizedek's
- Melendez Melendez's
- Melisa Melisa's
- Melisande Melisande's
- Melody Melody's
- Melpomene Melpomene's
- Melva Melva's
- Memling Memling's
- menage menages menage's
- Menander Menander's
- Mencius Mencius's
- Mencken Mencken's
- Mendeleev Mendeleev's
- Mendelian Mendelian's
- Mendez Mendez's
- Mendocino Mendocino's
- Menelaus Menelaus's
+ Menelik Menelik's
- Menes Menes's
- Menkalinan Menkalinan's
- Menkar Menkar's
- Menkent Menkent's
+ Mennen Mennen's
- Menotti Menotti's
- menses menses's
+ Mentholatum Mentholatum's
- Menzies Menzies's
- Merak Merak's
- Mercado Mercado's
- Mercer Mercer's
+ Mercia Mercia's
+ Merino Merino's
- Merlin Merlin's
+ Merlot Merlot's
- merman merman's
- mermen
+ Merovingian Merovingian's
+ Merthiolate Merthiolate's
- Mervin Mervin's
- Mesabi Mesabi's
- Mesa Mesa's
+ Mesmer Mesmer's
- Mesozoic Mesozoic's
- Messerschmidt Messerschmidt's
- Messianic
- messieurs
+ Metamucil Metamucil's
- Methodisms
- Metternich Metternich's
- Meuse Meuse's
- Mexicali Mexicali's
+ Mfume Mfume's
- Mg Mg's
- MIA
- Mia Mia's
- Miamis
- Miaplacidus Miaplacidus's
+ Micawber Micawber's
- Micheal Micheal's
+ Michelob Michelob's
- Michigander Michiganders Michigander's
- Mickey Mickey's
- Mickie Mickie's
- Micky Micky's
- Micmac Micmac's
- Midland Midland's
- midtown
- Midway Midway's
+ MiG MiG's
- Mike Mike's
- Mikoyan Mikoyan's
- Milagros Milagros's
- Miles Miles's
- Milken Milken's
- millage millage's
- Millay Millay's
- Miller Miller's
- Millet Millet's
- Millicent Millicent's
- Millikan Millikan's
- Mills Mills's
- Mill Mills Mill's
+ Milosevic Milosevic's
- milquetoast milquetoast's milquetoasts
- Miltiades Miltiades's
- Miltown Miltown's
- Mimosa Mimosa's
+ Minamoto Minamoto's
- Mindoro Mindoro's
- Mindy Mindy's
- Mingus Mingus's
- minibike minibikes minibike's
+ Minnelli Minnelli's
- Minnesotan Minnesotan's Minnesotans
- Minoans
- Minolta Minolta's
- Mintaka Mintaka's
- Minuit Minuit's
- minuteman minuteman's
- minutemen
- Mirach Mirach's
- Mirfak Mirfak's
- Mir Mir's
- Miro Miro's
- Mirzam Mirzam's
- misconstruction misconstructions
- misdid
- misdo
- misdoes
- misdone
- Miskito Miskito's
- Missourians
- Mistassini Mistassini's
- Misty Misty's
- Mitchel Mitchel's
- Mitford Mitford's
- Mithra Mithra's
- Mithridates Mithridates's
- Mitty Mitty's
- Mitzi Mitzi's
+ Mixtec Mixtec's
- Mizar Mizar's
- MN
- Mnemosyne Mnemosyne's
- Mobile Mobile's
- Modigliani Modigliani's
+ Moet Moet's
+ Mohacs Mohacs's
- Mohammad Mohammad's
- Mohammedanisms
- Mohammedans
- Mohawks
- Moho Moho's
- Mohorovicic Mohorovicic's
- Moira Moira's
- Moises Moises's
- Moiseyev Moiseyev's
- moldiness moldiness's
- Molly Molly's
- Moll Molly Moll's
- Molnar Molnar's
- Moloch Moloch's
- Moluccas Moluccas's
- Monera Monera's
- moneybag moneybag's
- Mongoloid
- Monique Monique's
- Monk Monk's
- monsieur monsieur's
- monsignor monsignor's monsignors
- Montanan Montanan's Montanans
- Montcalm Montcalm's
- Montesquieu Montesquieu's
+ Montgolfier Montgolfier's
- Moody Moody's
- Moon Moon's
- Moor Moors Moor's
- Morales Morales's
- More More's
- Moreno Moreno's
- Morin Morin's
- Morison Morison's
- Morita Morita's
- Mormonisms
- morocco morocco's
+ Morphy Morphy's
- Morris
- Morrow Morrow's
- Mosaic Mosaic's
- Moss Moss's
- Mosul Mosul's
- motherfucking
- Motown Motown's
+ Motrin Motrin's
- Mounties
- Mouthe Mouthe's
- Mouton Mouton's
- MP MP's
- MSG MSG's
- MT MT's
- Muawiya Muawiya's
- Mubarak Mubarak's
- Muhammadanisms
+ Mujib Mujib's
- mukluk mukluks
- Mullikan Mullikan's
+ Mulroney Mulroney's
- Multan Multan's
+ Munchhausen Munchhausen's
- Munch Munch's
- Murasaki Murasaki's
- Murat Murat's
+ Murine Murine's
- Murrumbidgee Murrumbidgee's
- Muse
+ Musharraf Musharraf's
- Musial Musial's
- musicale musicales
- muskmelon muskmelons muskmelon's
+ Muskogee Muskogee's
- mussy mussiest mussier
- MVP MVP's
- Mylars
- Myrdal Myrdal's
- Myrtle Myrtle's
- Mysore Mysore's
+ MySpace MySpace's
- Myst Myst's
- Nabokov Nabokov's
- Nader Nader's
+ NAFTA NAFTA's
- Nagpur Nagpur's
- Nahuatl Nahuatl's
- Naipaul Naipaul's
- Nair Nair's
- Naismith Naismith's
- Namath Namath's
- Nam Nam's
- Nanchang Nanchang's
- Nanjing Nanjing's
- Nan Nan's
- Nannie Nannie's
- Nanook Nanook's
- Nansen Nansen's
- Naphtali Naphtali's
+ Napster Napster's
- Narcissus Narcissus's
- Narmada Narmada's
+ Narnia Narnia's
+ NASCAR NASCAR's
- Natalia Natalia's
- Nate Nate's
- Nathans Nathans's
+ Nationwide Nationwide's
- Nat Nat's
- Naugahyde Naugahyde's
+ Nautilus Nautilus's
+ Navarre Navarre's
- Navratilova Navratilova's
+ Nazca Nazca's
- Nazisms
- NB
- NC
- ND
- neath
- Nefertiti Nefertiti's
+ Negros Negros's
- Nelda Nelda's
- Nelson Nelson's
- Neogene Neogene's
- Neolithic
- Nereid Nereid's
- Nerf Nerf's
- Neruda Neruda's
+ Nescafe Nescafe's
+ Nesselrode Nesselrode's
- Nestle Nestle's
- Nestorius Nestorius's
+ Netflix Netflix's
- Nettie Nettie's
- nettlesome
- Netzahualcoyotl Netzahualcoyotl's
- Nevsky Nevsky's
- Newfoundlands
- Newton Newton's
- Nexis Nexis's
- Ngaliema Ngaliema's
- NH
- Nibelung Nibelung's
+ Nicaea Nicaea's
- Niccolo Niccolo's
- Nice
+ Nichiren Nichiren's
+ Nickelodeon Nickelodeon's
- nickelodeon nickelodeons
- Nicklaus Nicklaus's
- Nick Nick's
- Nickolas Nickolas's
- Nicobar Nicobar's
- Niebuhr Niebuhr's
- Nightingale Nightingale's
- Nijinsky Nijinsky's
+ Nikkei Nikkei's
- Niobe Niobe's
- Nirenberg Nirenberg's
- Nirvana Nirvana's
+ Nisan Nisan's
- Nisei Nisei's
+ Nivea Nivea's
- NJ
- NM
- Nobelist Nobelists Nobelist's
- Noble
- NoDoz NoDoz's
- noel noel's noels
- Noe Noe's
- Noemi Noemi's
- nonjudgmental
+ Nootka Nootka's
- Norberto Norberto's
+ Noriega Noriega's
- Normand Normand's
- Northeast Northeasts Northeast's
- Northerner Northerner's
- North North's Norths
- Northrup Northrup's
- Northwests
- Nosferatu Nosferatu's
- notarise notarising notarised notarises
+ notarize notarizing notarized notarizes
- Noumea Noumea's
+ Novartis Novartis's
- Novgorod Novgorod's
- Novokuznetsk Novokuznetsk's
- Novosibirsk Novosibirsk's
- NOW
- nowise
+ Noxzema Noxzema's
- Noyce Noyce's
+ NPR NPR's
- Nubia Nubia's
- Nukualofa Nukualofa's
- Numbers Numbers's
- Nunki Nunki's
- Nureyev Nureyev's
- nutmeat nutmeats nutmeat's
+ NutraSweet NutraSweet's
- NV
- NWT
- NY
- NYC
+ NyQuil NyQuil's
- Oaxaca Oaxaca's
- Ob Ob's
- obsequy obsequy's
- Occidental Occidentals Occidental's
- Oceanus Oceanus's
- Octavia Octavia's
- Octavio Octavio's
- Oder Oder's
- Odets Odets's
- Odyssey
+ OfficeMax OfficeMax's
- oftentimes
- Ogbomosho Ogbomosho's
- Ogilvy Ogilvy's
- OH
- Oise Oise's
- Okefenokee Okefenokee's
- Olaf Olaf's
+ Olajuwon Olajuwon's
- Ola Ola's
- Olav Olav's
- Olduvai Olduvai's
- Olenek Olenek's
- oleo oleo's
- Oligocene Oligocene's
- Olive Olive's
- Olmec Olmec's
- Olympias
- Omahas
+ Omayyad Omayyad's
- Omdurman Omdurman's
- Omsk Omsk's
- Onassis Onassis's
- Oneal Oneal's
- Onegin Onegin's
+ Onion Onion's
- Onsager Onsager's
- Oort Oort's
- Opal Opal's
- Opel Opel's
- Ophiuchus Ophiuchus's
+ Oracle Oracle's
- Ora Ora's
- Orange Orange's
+ Orbison Orbison's
- Orizaba Orizaba's
- Orlon Orlons Orlon's
- Orly Orly's
- ornery orneriest ornerier
+ O'Rourke O'Rourke's
- orthopaedist orthopaedists orthopaedist's
- Orval Orval's
- Osbert Osbert's
- Oshawa Oshawa's
- Osiris Osiris's
- Osman Osman's
- Os's
- Ostrogoth Ostrogoth's
- Ostwald Ostwald's
- Osvaldo Osvaldo's
+ O'Toole O'Toole's
- Ottawas
- ottoman ottoman's ottomans
- Ouija Ouija's
+ outre
- outtake's
- overmuches
- Owens Owens's
- oxford oxford's oxfords
- Oxus Oxus's
+ Oxycontin Oxycontin's
- Oz Oz's
- Ozymandias Ozymandias's
+ Paar Paar's
- Pablum Pablum's
- Pace Pace's
+ Pacino Pacino's
+ Paderewski Paderewski's
- Page Page's
- Paglia Paglia's
- Pahlavi Pahlavi's
+ Palaeolithic
- Palembang Palembang's
- Paleogene Paleogene's
- Paleolithic's
- Paley Paley's
+ Palikir Palikir's
- palimony palimony's
- Palisades Palisades's
- Palmer Palmer's
- Palmerston Palmerston's
- Palomar Palomar's
- Pamirs Pamirs's
- Pampers Pampers's
- Panamas
- Pangaea Pangaea's
- Pankhurst Pankhurst's
- Panmunjom Panmunjom's
- Pansy Pansy's
- Pantagruel Pantagruel's
+ Pantheon Pantheon's
- pantsuit pantsuit's pantsuits
- Paracelsus Paracelsus's
- Paraclete Paraclete's
- Paradise
- paramecia
- paramecium paramecium's
+ Paramount Paramount's
+ Parana Parana's
- Parcheesi Parcheesi's
- parenthesises
- parenthesising
- Pareto Pareto's
- Parkinson Parkinson's
- Parkman Parkman's
- Parks Parks's
- Park Parks Park's
- parlay parlay's parlaying parlayed parlays
- Parliament Parliament's
- Parmesan Parmesan's Parmesans
- Parnassus Parnassus's
- Parnell Parnell's
- Parrish Parrish's
- Parr Parr's
- Parsifal Parsifal's
- Parsons Parsons's
- Parthia Parthia's
- particularisation particularisation's
+ particularization particularization's
- Pasadena Pasadena's
- Pasquale Pasquale's
- passel passels passel's
- Passion Passions Passion's
- Pasternak Pasternak's
- Pasteur Pasteur's
- Patagonia Patagonia's
- Patagonian Patagonian's
- Pate Pate's
- Paterson Paterson's
- Pat Pat's Patty
- Patrica Patrica's
- Patsy Patsy's
- patsy patsies patsy's
- Patti Patti's
- Patton Patton's
- Patty Patty's
- Paula Paula's
- Paulette Paulette's
- Pauli Pauli's
- Pauline Pauline's
- Pauling Pauling's
- Pavarotti Pavarotti's
- Pavlova Pavlova's
- Pavlovian Pavlovian's
- Pavlov Pavlov's
- Pawnee Pawnee's
- Payne Payne's
+ Paypal Paypal's
- PBS PBS's
- Pd Pd's
- Peabody Peabody's
- Peace Peace's
- Peale Peale's
- Pearlie Pearlie's
- Pearl Pearl's
- Peary Peary's
- Pechora Pechora's
- Peckinpah Peckinpah's
- Peck Peck's
- Pecos Pecos's
- Peel Peel's
- Pegasuses
- Peggy Peggy's
- Peg Peg's Peggy
- Pei Pei's
- Peiping Peiping's
- Pekingese Pekingeses Pekingese's
- Pekings
- Pelee Pelee's
- Peloponnese Peloponnese's
- Pena Pena's
- Penderecki Penderecki's
- Penney Penney's
- Pennington Pennington's
- Pennsylvanian Pennsylvanians Pennsylvanian's
- Penny Penny's
+ Pennzoil Pennzoil's
- Pensacola Pensacola's
- Pentateuch Pentateuch's
+ Pentax Pentax's
- Pentecostal Pentecostals Pentecostal's
- Pentecost Pentecost's Pentecosts
- Peoria Peoria's
- Pepin Pepin's
- Pepsi Pepsi's
- Pepys Pepys's
- Pequot Pequot's
+ Percheron Percheron's
- Percival Percival's
- Perelman Perelman's
- Perez Perez's
- Periclean Periclean's
- Perkins Perkins's
- Permalloy Permalloy's
- Permian Permian's
- Perm Perm's
- Pernod Pernod's
- Peron Peron's
- Perot Perot's
- Perrier Perrier's
- Perry Perry's
- Perseid Perseid's
+ Persepolis Persepolis's
- Pershing Pershing's
- persnickety
- Peshawar Peshawar's
+ Petain Petain's
- Peter Peter's Peters
- Petersen Petersen's
- Peters Peters's
- Peterson Peterson's
- Petra Petra's
- Petrarch Petrarch's
- petrolatum petrolatum's
- Petty Petty's
- Peugeot Peugeot's
- Pfizer Pfizer's
- Phaedra Phaedra's
- Phaethon Phaethon's
- Phanerozoic Phanerozoic's
- pharaoh pharaoh's pharaohs
- Phekda Phekda's
- phenobarbital phenobarbital's
- Phidias Phidias's
+ Philby Philby's
- Philippe Philippe's
- Philippians Philippians's
- Philistine Philistine's
- Phillipa Phillipa's
- Phillip Phillip's
- Philly Philly's
- Phil Phil's Philly
- Phipps Phipps's
+ phish phished
- Phobos Phobos's
- Phoebe Phoebe's
- Phoenix Phoenix's
- Photostat Photostats Photostatted Photostat's Photostatting
+ Phrygia Phrygia's
- Phyllis Phyllis's
- Piaf Piaf's
- Piaget Piaget's
- Pianola Pianola's
- Picasso Picasso's
- picayune
- Piccadilly Piccadilly's
- Pickett Pickett's
- Pickford Pickford's
- Pickwick Pickwick's
- Pict Pict's
- Piedmont Piedmont's
- Pierce Pierce's
- Pierrot Pierrot's
- Pike Pike's
+ Pilates Pilates's
- Pilate Pilates Pilate's
- Pilcomayo Pilcomayo's
- Pillsbury Pillsbury's
- Pinatubo Pinatubo's
- Pincus Pincus's
- Pindar Pindar's
- Pinkerton Pinkerton's
- Pinocchio Pinocchio's
- Pinochet Pinochet's
- pinochle pinochle's
- Pinter Pinter's
- pinto pinto's pintos
+ Pippin Pippin's
- Piraeus Piraeus's
- Pirandello Pirandello's
- Pisistratus Pisistratus's
- Pissaro Pissaro's
- pitchman pitchman's
- pitchmen
- Pittman Pittman's
- Pitt Pitt's Pitts
- Pitts Pitts's
- Pius Pius's
- Pizarro Pizarro's
- plainclothesman plainclothesman's
- plainclothesmen
- Planck Planck's
- Plantagenet Plantagenet's
- Plasticine Plasticine's
+ Plataea Plataea's
- Plath Plath's
- Platonic
- Platonism Platonism's
- Platonist Platonist's
- Platte Platte's
- Plautus Plautus's
- Playboy Playboy's
+ PlayStation PlayStation's
- Playtex Playtex's
- Pleistocene Pleistocene's
- Pliny Pliny's
- Pliocene Pliocene's
- Plutarch Plutarch's
- Pm Pm's
- Pocahontas Pocahontas's
- pocking
- Poconos Poconos's
- Pocono Poconos Pocono's
- Podgorica Podgorica's
+ Podhoretz Podhoretz's
- Podunk Podunk's
- Poe Poe's
- Pogo Pogo's
- poi poi's
+ Poincare Poincare's
+ Poiret Poiret's
+ Poirot Poirot's
- Poisson Poisson's
+ Poitier Poitier's
+ Pokemon Pokemon's
- Polanski Polanski's
- Polaris Polaris's
- polestar polestars polestar's
- Politburo Politburo's
- Polk Polk's
- Pollard Pollard's
- polliwog polliwogs polliwog's
- Pollux Pollux's
- Pollyanna Pollyanna's
- Polly's
- pol pol's pols
- Polo Polo's
+ Poltava Poltava's
- Polyhymnia Polyhymnia's
- Polynesian Polynesians Polynesian's
- Polyphemus Polyphemus's
- Po Po's
- Pomerania Pomerania's
- Pomeranian Pomeranian's
- Pomona Pomona's
- Pompadour Pompadour's
- Pompeii Pompeii's
- Pompey Pompey's
- Ponce Ponce's
- Pontchartrain Pontchartrain's
- Pontiac Pontiac's
- Pontianak Pontianak's
- Pooh Pooh's
- Poona Poona's
- Popeye Popeye's
- Popocatepetl Popocatepetl's
- popover popover's popovers
- poppa poppas poppa's
- Popper Popper's
- Poppins Poppins's
- Porfirio Porfirio's
- Porrima Porrima's
- Porsche Porsche's
- Porter Porter's
- Portia Portia's
- Poseidon Poseidon's
- Post Post's
- Potemkin Potemkin's
- potholder potholder's potholders
- Potomac Potomac's
- potpie potpie's potpies
- Potsdam Potsdam's
- Pottawatomie Pottawatomie's
- Potter Potter's
- Potts Potts's
- Pound Pound's
- Poussin Poussin's
- Powers Powers's
- Powhatan Powhatan's
- Poznan Poznan's
- PP
+ Prada Prada's
+ Prado Prado's
- Praetorian Praetorian's
- Prakrit Prakrit's
- Pratchett Pratchett's
- pratfall pratfalls pratfall's
- Pratt Pratt's
- Pravda Pravda's
- Praxiteles Praxiteles's
- Preakness Preakness's
- Precambrian Precambrian's
+ precised
+ precises
+ precising
- Preminger Preminger's
+ Premyslid Premyslid's
+ Prensa Prensa's
- Prentice Prentice's
- Presbyterianism Presbyterianism's
- Priam Priam's
- Pribilof Pribilof's
- Price Price's
- Prince Prince's
- Princeton Princeton's
- Priscilla Priscilla's
+ Prius Prius's
- Procrustean Procrustean's
- Procrustes Procrustes's
+ Procter Procter's
- Procyon Procyon's
- Prometheus Prometheus's
- Proserpine Proserpine's
- Protagoras Protagoras's
- Proterozoic Proterozoic's
- Protestantism Protestantism's Protestantisms
- Proudhon Proudhon's
- Proust Proust's
+ Provencal Provencals Provencal's
- Proverbs
- Providence Providences Providence's
- Provo Provo's
- Prozac Prozac's
- Prudence Prudence's
- Prudential Prudential's
- Pruitt Pruitt's
- Prut Prut's
+ Pryor Pryor's
- Psalms Psalms's
- Psalter Psalters Psalter's
- Psyche Psyche's
- psychobabble psychobabble's
- psychogenic
- Ptah Ptah's
- Ptolemaic Ptolemaic's
- Ptolemy Ptolemies Ptolemy's
- Puckett Puckett's
- Puck Puck's
- Puebla Puebla's
- Pueblo Pueblo's
- Puget Puget's
- Pugh Pugh's
- Pulaski Pulaski's
- Pullman Pullman's Pullmans
- Punch Punch's
- Punic Punic's
- Punjab Punjab's
+ Purana Purana's
- Purdue Purdue's
- Purim Purim's Purims
- Purina Purina's
- Puritanism Puritanisms Puritanism's
- Purus Purus's
- Pusan Pusan's
- Pusey Pusey's
- Pushkin Pushkin's
- Pushtu Pushtu's
- Putin Putin's
- Putnam Putnam's
+ Puzo Puzo's
- Pygmalion Pygmalion's
- Pygmy Pygmies Pygmy's
- Pyle Pyle's
- Pym Pym's
- Pynchon Pynchon's
- Pyotr Pyotr's
- Pyrenees Pyrenees's
- Pyrrhic Pyrrhic's
- Pythias Pythias's
- Qaddafi Qaddafi's
- Qantas Qantas's
- Qingdao Qingdao's
- Qiqihar Qiqihar's
- Qom Qom's
- Quaalude Quaalude's
- quahog quahog's quahogs
+ Quaoar Quaoar's
- Quasimodo Quasimodo's
- Quaternary Quaternary's
- Queen Queen's Queens
- Queens Queens's
- Quentin Quentin's
- Quetzalcoatl Quetzalcoatl's
- Quezon Quezon's
- Quincy Quincy's
- Quinn Quinn's
- Quintilian Quintilian's
- Quirinal Quirinal's
- Quisling Quisling's
- Quixote Quixote's
- Quixotism Quixotism's
+ Qumran Qumran's
- Quonset Quonset's
- Rabelaisian Rabelaisian's
- Rabelais Rabelais's
- Rabin Rabin's
- Rachael Rachael's
- Rachelle Rachelle's
- Rachel Rachel's
- Rachmaninoff Rachmaninoff's
- Racine Racine's
- racquetball racquetballs racquetball's
- Radcliffe Radcliffe's
- Rae Rae's
- Rafael Rafael's
+ Raffles Raffles's
+ Ragnarok Ragnarok's
- Rainier Rainier's
- Raleigh Raleigh's
- Ralph Ralph's
- Ramada Ramada's
- Ramakrishna Ramakrishna's
- Rama Rama's
+ Ramanujan Ramanujan's
- Ramayana Ramayana's
- Rambo Rambo's
- rambunctiousness rambunctiousness's
- Ramirez Ramirez's
- Ramiro Ramiro's
- Ramona Ramona's
- Ramon Ramon's
- Ramos Ramos's
- Ramses Ramses's
- Ramsey Ramsey's
- Randall Randall's
- Randal Randal's
- Randell Randell's
- Randi Randi's
- Rand Rand's Randy
- Randy Randy's
- ranginess ranginess's
- Rankine Rankine's
- Rankin Rankin's
- Raoul Raoul's
- Rapunzel Rapunzel's
- Raquel Raquel's
- Rasalgethi Rasalgethi's
- Rasalhague Rasalhague's
- Rasmussen Rasmussen's
- Rasputin Rasputin's
- Rastaban Rastaban's
- Rastafarian Rastafarian's
- Rather Rather's
- rathskeller rathskeller's rathskellers
- Ratliff Ratliff's
- Raul Raul's
- Ravel Ravel's
- Rawalpindi Rawalpindi's
+ RayBan RayBan's
- Rayburn Rayburn's
- Ray Ray's
- Raymundo Raymundo's
- RBI
- RCA RCA's
- RD
- RDA
+ Reaganomics Reaganomics's
- Reasoner Reasoner's
- Rebekah Rebekah's
+ recherche
- Recife Recife's
- Redgrave Redgrave's
- redistrict redistricting redistricted redistricts
- Reed Reed's
- Reeves Reeves's
- Reginae Reginae's
- Regor Regor's
- Regulus Regulus's
- Rehnquist Rehnquist's
- Reichstag's
- Reinaldo Reinaldo's
- Re Re's
- Remarque Remarque's
- REM REM's
- Remus Remus's
- repeatably
- reproofed
- Reunion Reunion's
- Reuther Reuther's
- Reva Reva's
- Revelations Revelations's
- Revere Revere's
- RFD
- Rhea Rhea's
+ Rheingau Rheingau's
- Rhenish Rhenish's
- Rhiannon Rhiannon's
- RI
- Ribbentrop Ribbentrop's
- Rice Rice's
- Rich Rich's
- Richthofen Richthofen's
- Rickenbacker Rickenbacker's
- Rick Rick's
- Rickover Rickover's
- Riddle Riddle's
- Ride Ride's
+ Riefenstahl Riefenstahl's
+ Riel Riel's
- Rigel Rigel's
- rigidness rigidness's
- Rigoberto Rigoberto's
- Rilke Rilke's
- Rimbaud Rimbaud's
- Ringo Ringo's
+ Risorgimento Risorgimento's
- Riverside
- Rivers Rivers's
- Rivieras
+ Rizal Rizal's
- Roach Roach's
- roadshow
- Rob
- Robbin Robbin's
- Robeson Robeson's
- Robin Robin's
+ Robitussin Robitussin's
- Robt Robt's
- Rocha Rocha's
- Rochambeau Rochambeau's
- Rockne Rockne's
- Rocky Rocky's
- Rock Rocky Rock's
- Roddenberry Roddenberry's
- Rodin Rodin's
- Rod Rod's
- Rodrick Rodrick's
+ Roeg Roeg's
+ Roentgen
- ROFL
- Roger
+ Roku Roku's
+ Rolaids Rolaids's
- Rolando Rolando's
+ Rolex Rolex's
- Rolvaag Rolvaag's
- romaine romaine's
- Romanies
- Romanticism
- Romes
- Ronstadt Ronstadt's
- roomer roomers roomer's
- Root Root's
- Roqueforts
- Rosalinda Rosalinda's
- Rosanne Rosanne's
- Roseann Roseann's
- Rosecrans Rosecrans's
- Rose Rose's
- Rosemary Rosemary's
- Rosendo Rosendo's
- Rosenzweig Rosenzweig's
- Rostand Rostand's
+ Rostropovich Rostropovich's
+ Rothko Rothko's
+ Rottweiler Rottweiler's
- rotundness rotundness's
- Rouault Rouault's
+ roue roue's roues
+ Rove Rove's
- Rover Rover's
+ Rowling Rowling's
- Roxy Roxy's
- Royal Royal's
- Rozelle Rozelle's
- RR
- Rubaiyat Rubaiyat's
+ Rubbermaid Rubbermaid's
- rube rube's rubes
- Ruby Ruby's
- Ruchbah Ruchbah's
+ Rukeyser Rukeyser's
- Rumpelstiltskin Rumpelstiltskin's
+ Rumsfeld Rumsfeld's
- Rushdie Rushdie's
- Rush Rush's
- Russel Russel's
- Rusty Rusty's
+ Rutan Rutan's
- Rwandas
- Rydberg Rydberg's
+ Saarinen Saarinen's
+ Saatchi Saatchi's
- Sabik Sabik's
+ Sabre Sabre's
- Sacajawea Sacajawea's
- Sacco Sacco's
- Sade Sade's
- Sadr Sadr's
+ Safavid Safavid's
+ Safeway Safeway's
- Sagan Sagan's
- Sahel Sahel's
- Saiph Saiph's
- saith
+ Sakha Sakha's
- Sakharov Sakharov's
- Saki Saki's
+ Saks Saks's
- Saladin Saladin's
- Salado Salado's
+ Salamis Salamis's
- Salinger Salinger's
- Salish Salish's
- Sallust Sallust's
- saltine saltines saltine's
- SALT SALT's
- Salton Salton's
- saltshaker saltshakers saltshaker's
- Salween Salween's
- Salyut Salyut's
- Samarkand Samarkand's
+ Samar Samar's
- SAM SAM's
- Samoset Samoset's
- Sana Sana's
- Sancho Sancho's
- Sanders Sanders's
- sandhog sandhog's sandhogs
- Sandinista Sandinista's
- sandlot sandlot's sandlots
- Sand Sand's Sandy
- Sandy Sandy's
- Sanforized Sanforized's
- Sang Sang's
+ Sanka Sanka's
- Santayana Santayana's
- Santeria Santeria's
+ SAP SAP's
- Sappho Sappho's
- sapsucker sapsucker's sapsuckers
- Saragossa Saragossa's
- Saratov Saratov's
- Sarnoff Sarnoff's
- Saroyan Saroyan's
+ SARS SARS's
- Sarto Sarto's
- sashay sashays sashaying sashayed sashay's
+ Sasquatch Sasquatch's
- sassafras sassafras's sassafrases
+ Sassanian Sassanian's
- Saturnalia
- Saussure Saussure's
- Savage Savage's
- Savannah
- Savonarola Savonarola's
- Savoy Savoy's
- Sawyer Sawyer's
- Sayers Sayers's
- Scheat Scheat's
- Schedar Schedar's
- Schelling Schelling's
+ Schiaparelli Schiaparelli's
+ Schindler Schindler's
- schlemiel schlemiels schlemiel's
- Schlesinger Schlesinger's
- Schliemann Schliemann's
- Schnabel Schnabel's
+ Schnauzer Schnauzer's
- schoolyard schoolyards schoolyard's
- Schopenhauer Schopenhauer's
- Schrieffer Schrieffer's
+ Schrodinger Schrodinger's
+ Schumpeter Schumpeter's
+ Schwarzkopf Schwarzkopf's
- Schwinger Schwinger's
- Schwinn Schwinn's
- scofflaw scofflaw's scofflaws
- Scopes Scopes's
- Scorpius Scorpius's
- Scorsese Scorsese's
- Scotchman Scotchman's
- Scotchmen Scotchmen's
- scow scows scow's
- Scrabble
- scrod scrod's
- Scud Scud's
- scumbag scumbags scumbag's
- scuzzy scuzziest scuzzier
- Scythia Scythia's
+ Scythian Scythian's
- SD
- Seaborg Seaborg's
- seacoast seacoast's seacoasts
- Sears
- SEC SEC's
- Seconal Seconal's
+ Secretariat Secretariat's
+ Sedna Sedna's
- Seebeck Seebeck's
- seeings
+ Sega Sega's
- Segre Segre's
- Seine Seine's
+ Sejong Sejong's
- selectman selectman's
- selectmen
- Selectric Selectric's
- Seleucus Seleucus's
- Selim Selim's
- Sellers Sellers's
- Selznick Selznick's
- Semarang Semarang's
- Semiramis Semiramis's
- Senecas
+ Senghor Senghor's
- Sennett Sennett's
- Sensurround Sensurround's
- Sephardi Sephardi's
- Sepoy
- sequined
- sereneness sereneness's
- Sergei Sergei's
- Serpens Serpens's
- Serra Serra's
- Set Set's
- Seurat Seurat's
- Severus Severus's
+ Sevres Sevres's
- Sextans Sextans's
- Sexton Sexton's
- SF
- shadowbox shadowboxed shadowboxes
- shad shads shad's
+ Shaka Shaka's
- shalt
- Shana Shana's
- Shanghai
+ Shankara Shankara's
- Shanna Shanna's
- Shantung Shantung's
- sharecropper sharecropper's sharecroppers
- Shari'a Shari'a's
- Sharlene Sharlene's
- Sharp Sharp's
- Sharron Sharron's
- Shaula Shaula's
- Shavuot Shavuot's
- Shawna Shawna's
- Shcharansky Shcharansky's
- Shebeli Shebeli's
- Sheena Sheena's
- Sheetrock Sheetrock's
- Shell Shell's
- Shenyang Shenyang's
- Sheol Sheol's
- Shepherd Shepherd's
- Sheratan Sheratan's
- Sheree Sheree's
- Sherry Sherry's
+ Shevat Shevat's
- Shields Shields's
- Shijiazhuang Shijiazhuang's
- shill shill's shilled shills
- shirtwaist shirtwaist's shirtwaists
- shoeshine shoeshines shoeshine's
- shoptalk shoptalk's
- Shorthorn Shorthorn's
- Short Short's
- showboat showboats showboating showboated showboat's
+ Shrek Shrek's
+ Shriner Shriner's
+ Shula Shula's
- shutterbug shutterbugs shutterbug's
- Shylockian Shylockian's
- sibyl sibyl's sibyls
+ Siddhartha Siddhartha's
- sidearm sidearm's
- sidewall sidewalls sidewall's
- Sierpinski Sierpinski's
- Sigismund Sigismund's
- Sigurd Sigurd's
- Sikkimese Sikkimese's
- Sikkim Sikkim's
- Sikorsky Sikorsky's
- Simenon Simenon's
+ Simmental Simmental's
+ Simpsons Simpsons's
- Sims Sims's
- Singer Singer's
+ Singh Singh's
- Singleton Singleton's
- Sinhalese Sinhalese's
- Sinkiang Sinkiang's
+ Sivan Sivan's
- Sjaelland Sjaelland's
- skycap skycap's skycaps
+ Slackware Slackware's
+ Slashdot Slashdot's
- Slater Slater's
- slaw slaw's
+ Slinky Slinky's
- slipcover slipcover's slipcovers
- slumlord slumlord's slumlords
+ Slurpee Slurpee's
- Small Small's
- Smith Smith's
- Smithson Smithson's
- smokehouse smokehouses smokehouse's
- Smokey Smokey's
- Smolensk Smolensk's
- Smollett Smollett's
- Smuts Smuts's
- Snake Snake's
+ Snapple Snapple's
+ Snickers Snickers's
- Snider
- Snoopy Snoopy's
- snorkeler snorkelers snorkeler's
- Snowbelt Snowbelt's
- Snow Snow's
- snowsuit snowsuit's snowsuits
+ Soave Soave's
- Soddy Soddy's
- Sol
- Solon Solon's
- Somoza Somoza's
- Songhai Songhai's
- Songhua Songhua's
- Son Son's Sonny
- Sonny Sonny's
- Sontag Sontag's
- SOP SOP's
- sorehead soreheads sorehead's
- Soto Soto's
+ soupcon soupcon's soupcons
- Souphanouvong Souphanouvong's
- Southeast Southeast's Southeasts
- Southerner Southerner's Southerners
- South South's Souths
- Southwest Southwest's Southwests
- Soyinka Soyinka's
- Spaatz Spaatz's
- spaceflight spaceflights spaceflight's
- Spahn Spahn's
- spake
- Spam Spam's
- spandex spandex's
- Sparks Sparks's
- spartan
- speakeasy speakeasies speakeasy's
- Spears Spears's
- specs's
- speedster speedsters speedster's
+ Speer Speer's
- spelunker spelunker's spelunkers
- Spencerian Spencerian's
- Spenglerian Spenglerian's
- Spengler Spengler's
- Sphinx Sphinx's
- Spica Spica's
- Spillane Spillane's
- Spinoza Spinoza's
+ Spinx Spinx's
+ Spirograph Spirograph's
- spitball spitball's spitballs
+ Spitsbergen Spitsbergen's
- Sprint Sprint's
+ Sprite Sprite's
- spritz spritz's spritzed spritzes spritzing
- spumoni spumoni's
- Squanto Squanto's
- Srinagar Srinagar's
+ Srivijaya Srivijaya's
- Stacey Stacey's
- Staci Staci's
- Stael Stael's
+ StairMaster StairMaster's
- staph staph's
+ Staples Staples's
- Stark Stark's
- stateside
+ Staubach Staubach's
- Steinem Steinem's
- Stein Stein's
- Stendhal Stendhal's
- Sterling Sterling's
- Sterne Sterne's
- Stern Stern's
- Sterno Sterno's
- Stevie Stevie's
- stickpin stickpin's stickpins
- Stieglitz Stieglitz's
- Stimson Stimson's
- Stoicism Stoicism's
- Stoic Stoic's
- Stokes
+ Stolichnaya Stolichnaya's
+ Stolypin Stolypin's
- Stone Stone's
- Stoppard Stoppard's
- storefront storefronts storefront's
- Stout
- Strabo Strabo's
- straightaway straightaway's straightaways
- strep strep's
- Strindberg Strindberg's
- Stromboli Stromboli's
- Strong Strong's
- Studebaker Studebaker's
- Stu Stu's
- Stuyvesant Stuyvesant's
+ Styron Styron's
- subcompact subcompacts subcompact's
- subteen subteen's subteens
- succotash succotash's
- Sucre Sucre's
+ Sucrets Sucrets's
- Sudetenland Sudetenland's
+ Sudoku Sudoku's
+ Sudra Sudra's
- Sue
- Suetonius Suetonius's
- sugarcane sugarcane's
- sugarcoat sugarcoating sugarcoats
- Suharto Suharto's
- Sui Sui's
- Sukkot
- Sulawesi Sulawesi's
- Suleiman Suleiman's
- Sumeria Sumeria's
- Summers Summers's
- Summer Summers Summer's
- summitry summitry's
+ Sunbeam Sunbeam's
- Sundas Sundas's
- Sung Sung's
+ Sunkist Sunkist's
+ Superbowl Superbowl's
+ Superfund Superfund's
+ Superglue Superglue's
- Superior Superior's
- Superman Superman's
- surrey surreys surrey's
- Surya Surya's
+ SUSE SUSE's
- Suwanee Suwanee's
- Suzhou Suzhou's
- Svengali Svengali's
+ Swammerdam Swammerdam's
- Swanee Swanee's
- SWAT
- swattered
- swattering
- Swede Swede's Swedes
- Sweet Sweet's
- swellhead swellheads swellhead's swellheaded
- Swift Swift's
+ Swissair Swissair's
- syllabication syllabication's
- Synge Synge's
- Syriac Syriac's
- Szilard Szilard's
- Szymborska Szymborska's
- Tabatha Tabatha's
- Tabriz Tabriz's
- Tacitus Tacitus's
- Tad Tad's
+ Tadzhik Tadzhik's
- Taegu Taegu's
- Taejon Taejon's
- Tagore Tagore's
- Tagus Tagus's
- Taichung Taichung's
- Taine Taine's
+ Taiping Taiping's
- Taiyuan Taiyuan's
- Taklamakan Taklamakan's
- Tallchief Tallchief's
- Talleyrand Talleyrand's
- tallyho tallyhoed tallyhoing
- Tameka Tameka's
- Tamera Tamera's
- Tamerlane Tamerlane's
- Tamika Tamika's
- Tammi Tammi's
- tam tam's tams
+ Tammuz Tammuz's
- Tamra Tamra's
- Tancred Tancred's
- Taney Taney's
+ Tangiers
- Tangshan Tangshan's
- Tanisha Tanisha's
- Tanner Tanner's
+ Tannhauser Tannhauser's
- taproot taproot's taproots
+ Tarantino Tarantino's
- Tarazed Tarazed's
- Tarbell Tarbell's
+ Target Target's
- Tarim Tarim's
+ Tarkenton Tarkenton's
- Tarkington Tarkington's
- Tartary Tartary's
- Tasha Tasha's
- Tawney Tawney's
- TD
- teary teariest tearier
- Teasdale Teasdale's
+ Technicolor Technicolor's
- Teddy Teddy's
- Telemachus Telemachus's
- TelePrompter TelePrompter's
- teletypes
- teletypewriter teletypewriter's teletypewriters
- Teller Teller's
- Tell Tell's
- temblor temblor's temblors
+ Templar Templar's
- Tenochtitlan Tenochtitlan's
+ Teotihuacan Teotihuacan's
+ terabit terabits terabit's
- Tereshkova Tereshkova's
- Terkel Terkel's
- Terran Terran's
+ Terry Terry's
- Tertiary Tertiary's
- Tessie Tessie's
- Tess Tess's
- testates
- Tethys Tethys's
+ Tet Tet's
- Tetons Tetons's
+ Tevet Tevet's
- Thackeray Thackeray's
- Thales Thales's
- Thalia Thalia's
- Thanh Thanh's
- Thant Thant's
- Thar Thar's
+ Tharp Tharp's
- Thea Thea's
- thees
- Theiler Theiler's
- Themistocles Themistocles's
- Theocritus Theocritus's
- Theodoric Theodoric's
- Theosophy Theosophy's
- therefrom
+ Thermopylae Thermopylae's
- thermos thermos's thermoses
- thespian thespians thespian's
- Thespis Thespis's
+ Thessaloniki Thessaloniki's
- Thieu Thieu's
- Thimbu Thimbu's
- tho
- Thomistic Thomistic's
- Thorazine Thorazine's
+ Thoroughbred Thoroughbred's
- Thoth Thoth's
+ thraldom thraldom's
+ throughway throughways throughway's
- Thucydides Thucydides's
- thunderhead thunderhead's thunderheads
- thundershower thundershower's thundershowers
- Thurber Thurber's
+ Thurmond Thurmond's
+ Thutmose Thutmose's
- Tia Tia's
- Tianjin Tianjin's
+ Ticketmaster Ticketmaster's
+ Tide Tide's
- Tillich Tillich's
+ Tilsit Tilsit's
- ti ti's
- timberland timberland's
- Timon Timon's
+ Timour Timour's
+ Timurid Timurid's
- Ting
+ Tinkerbell Tinkerbell's
- Tinkertoy Tinkertoy's
- Tinseltown Tinseltown's
- Tintoretto Tintoretto's
- Tiresias Tiresias's
- Tisha Tisha's
+ Tishri Tishri's
- Titan Titan's Titanic
- Titicaca Titicaca's
- Tlaloc Tlaloc's
- Tlingit Tlingit's
- Tl Tl's
- TN
- Tocantins Tocantins's
- Tocqueville Tocqueville's
- Tod Tod's
- Tojo Tojo's
- Tokay Tokay's
- toke toking toked tokes toke's
- Toledos
- Tolkien Tolkien's
+ Toltec Toltec's
- Tolyatti Tolyatti's
- Tombaugh Tombaugh's
- Tom Tom's
- Tomsk Tomsk's
- Tonto Tonto's
- tony toniest tonier
- Topsy Topsy's
- Torquemada Torquemada's
- Torrens Torrens's
- Tortola Tortola's
- Tortuga Tortuga's
+ Torvalds Torvalds's
+ touche
- Townes Townes's
+ Trailways Trailways's
- Trajan Trajan's
- Tran Tran's
- Transcaucasia Transcaucasia's
- transferal transferal's transferals
- trashcans
- trashcan's
+ Travolta Travolta's
- Trekkie Trekkie's
- Trevelyan Trevelyan's
- Trey Trey's
- Triangulum Triangulum's
+ Trident Trident's
- trilaterals
- Trimurti Trimurti's
+ Tripitaka Tripitaka's
- Trippe Trippe's
- Triton Triton's
- Trobriand Trobriand's
+ Tropicana Tropicana's
- Troy
- Troyes
- troys
+ Truffaut Truffaut's
- Trump Trump's
- Truth Truth's
- Tsimshian Tsimshian's
- Tsiolkovsky Tsiolkovsky's
- Tsitsihar Tsitsihar's
+ Tsongkhapa Tsongkhapa's
- Tuamotu Tuamotu's
- Tubman Tubman's
- Tucker Tucker's
- Tucuman Tucuman's
- Tull Tull's
+ Tulsidas Tulsidas's
- tumbleweed tumbleweeds tumbleweed's
- Tunguska Tunguska's
- Tungus Tungus's
+ Tunney Tunney's
- Tupi Tupi's
- Tupungato Tupungato's
- Turgenev Turgenev's
- Turkestan Turkestan's
- Turner Turner's
- Tuscarora Tuscarora's
- Tuscon Tuscon's
+ Tussaud Tussaud's
- Tut Tut's
+ Tutu Tutu's
- Twain Twain's
- Twila Twila's
+ Twinkies Twinkies's
+ Twitter Twitter's
+ Twizzlers Twizzlers's
- twofer twofer's twofers
- TX
+ Tycho Tycho's
- Tyndale Tyndale's
+ Tyre Tyre's
- Ubangi Ubangi's
+ UBS UBS's
- Ucayali Ucayali's
- Uccello Uccello's
- UCLA UCLA's
- Ufa Ufa's
- Uighur Uighur's
- Ujungpandang Ujungpandang's
- Ulster Ulster's
- Ultrasuede Ultrasuede's
- Ulyanovsk Ulyanovsk's
- Umbriel Umbriel's
- umiak umiak's umiaks
- ump ump's umped umps umping
- unadvised
- uncleanly uncleanliest uncleanlier
- underact underacted underacting underacts
- underfeed underfeeds underfeeding
- undermost
- undershorts undershorts's
- undersign undersigning undersigns
- Ungava Ungava's
- unhealthful
+ Unilever Unilever's
+ uninstallable
+ unionization's
- Union Unions Union's
- Uniroyal Uniroyal's
- Unitarianisms
+ Unitas Unitas's
- UNIX UNIX's
- unknowable
- unknowings
- unmoral
- unoffensive
- unorganised
+ unorganized
- unproved
- unready unreadiest unreadier
- unskillful
- unsnarl unsnarling unsnarled unsnarls
- unstop unstops
- unsuspected
- Unukalhai Unukalhai's
- unwonted
+ Upjohn Upjohn's
- UPS UPS's
- Urania Urania's
- Urban Urban's
- Urey Urey's
- Uriel Uriel's
- Uris Uris's
- Ursa Ursa's
- Ursuline Ursuline's
- Urumqi Urumqi's
- Ustinov Ustinov's
- UT UT's
- Utopia Utopia's Utopias
- Utopian Utopians Utopian's
- Utrillo Utrillo's
- Valarie Valarie's
+ Valenti Valenti's
- Valentine Valentine's
- Valentin Valentin's
+ Valery Valery's
- validness validness's
- Valium Valium's Valiums
- Valois Valois's
+ Valvoline Valvoline's
- vamoose vamoosing vamoosed vamooses
- Vandal Vandal's
- Vang Vang's
- Van Van's
- Vanzetti Vanzetti's
- vapidness vapidness's
- Varanasi Varanasi's
- Varese Varese's
- varmint varmints varmint's
- Vaselines
- VAT VAT's
+ Vauban Vauban's
- Vaughn Vaughn's
- Vazquez Vazquez's
- Veblen Veblen's
- veep veeps veep's
- Vela Vela's
+ Velasquez Velasquez's
+ Velazquez Velazquez's
+ Ventolin Ventolin's
- venturous
- Veracruz Veracruz's
- verdigrised
- verdigrises
- verdigrising
+ Verdun Verdun's
+ Verizon Verizon's
- Verlaine Verlaine's
- Vermonter Vermonter's
- Veronese Veronese's
- Veronica Veronica's
- Vesalius Vesalius's
- Vespasian Vespasian's
- Vespucci Vespucci's
+ Viacom Viacom's
- Victor Victor's
- Victrola Victrola's
+ vicuna vicuna's vicunas
+ Vijayanagar Vijayanagar's
- Vijayawada Vijayawada's
- Villa Villa's
- Villarreal Villarreal's
- Villon Villon's
- Vilma Vilma's
- Vilyui Vilyui's
- Vindemiatrix Vindemiatrix's
- Vinson Vinson's
- Viola Viola's
- Violet Violet's
- Virgie Virgie's
- Visa Visa's
- Visayans Visayans's
- Vistula Vistula's
- Vitim Vitim's
- Vito Vito's
- Vitus Vitus's
- Vivekananda Vivekananda's
- Vivienne Vivienne's
- vixenish
- Vlad Vlad's
+ Vlaminck Vlaminck's
+ Vlasic Vlasic's
+ Vogue Vogue's
+ Volcker Volcker's
+ Voldemort Voldemort's
- Volstead Volstead's
- Vonda Vonda's
- Vonnegut Vonnegut's
- voodooism voodooism's
- Voronezh Voronezh's
- Vorster Vorster's
+ Voyager Voyager's
+ Vuitton Vuitton's
- Vulgate Vulgate's Vulgates
- Wac
- wackiness wackiness's
- wacko wacko's wackos
- Wade
- wadi wadis wadi's
+ wagoner wagoners wagoner's
- Wake Wake's
- Waksman Waksman's
- Waldensian Waldensian's
- Waldheim Waldheim's
- Wald Wald's
- Walesa Walesa's
- Walker Walker's
- wallboard wallboard's
- Wallenstein Wallenstein's
- Waller Waller's
- Wall Wall's Walls
- Walls Walls's
+ Walmart Walmart's
- Walpurgisnacht Walpurgisnacht's
- Wanamaker Wanamaker's
- Wanda Wanda's
- Wankel Wankel's
- Ward Ward's
- Ware Ware's Waring
- Warhol Warhol's
- Waring Waring's
- Warren Warren's
- warty wartiest wartier
- Wasatch Wasatch's
- washbowl washbowls washbowl's
- Washingtonian Washingtonians Washingtonian's
- washtub washtub's washtubs
- Wassermann Wassermann's
- watchband watchbands watchband's
- Waterloos
- Waters Waters's
- WATS WATS's
- Watteau Watteau's
- Watt Watt's Watts
- Watts Watts's
- weakfish weakfish's weakfishes
- wealthiness wealthiness's
- weaponless
- weatherise weatherising weatherised weatherises
+ weatherize weatherizing weatherized weatherizes
- Weaver Weaver's
- Weber Weber's
- Webern Webern's
+ webmistress webmistress's webmistresses
- Websters
- Weddell Weddell's
- weeder weeders weeder's
- Weeks Weeks's
- weeper weepers weeper's
- weepings
+ Wehrmacht Wehrmacht's
- Weierstrass Weierstrass's
- Weill Weill's
- Wei Wei's
- Weizmann Weizmann's
- welkin welkin's
- Welland Welland's
- Welles Welles's
- Wellingtons
- Wells Wells's
- Wendi Wendi's
- wen wen's wens
+ Wesak Wesak's
- Wests
- Weyden Weyden's
- Wezen Wezen's
- whammy whammies whammy's
- wheal wheal's wheals
- Wheaties Wheaties's
- Wheeler Wheeler's
- Wheeling Wheeling's
- whelked
- wheresoever
- whippoorwill whippoorwills whippoorwill's
+ Whirlpool Whirlpool's
- Whistler Whistler's
- whitecap whitecaps whitecap's
- whitefish whitefish's whitefishes
- Whitehead Whitehead's
- Whiteley Whiteley's
- whitewall whitewall's whitewalls
- Whitsunday Whitsunday's Whitsundays
- WHO WHO's
- Wiemar Wiemar's
- Wiesel Wiesel's
+ Wiesenthal Wiesenthal's
- wight wight's wights
- Wigner Wigner's
+ Wii Wii's
+ wikis
- Wilbert Wilbert's
- Wilburn Wilburn's
- Wilda Wilda's
- Wilder Wilder's
- wildflower wildflower's wildflowers
+ Wiles Wiles's
- Wilford Wilford's
- Wilfredo Wilfredo's
- Wilkerson Wilkerson's
- Will Will's
- Wilmer Wilmer's
- Wilsonian Wilsonian's
+ Wimsey Wimsey's
- Winchell Winchell's
+ Windbreaker Windbreaker's
+ Windex Windex's
- Windows Windows's
- Windsors
- windstorm windstorms windstorm's
- Windward Windward's
- winery winery's
- Winesap Winesap's
- Winfred Winfred's
- Winfrey Winfrey's
- Winkle Winkle's
- Winnie Winnie's
- winterise winterising winterised winterises
+ winterize winterizing winterized winterizes
- Winters Winters's
- Wisconsinite Wisconsinite's Wisconsinites
- Wise Wise's
- withers's
- Wm Wm's
+ Wobegon Wobegon's
- Wolf Wolf's
- Wollstonecraft Wollstonecraft's
- Wolsey Wolsey's
+ Wonderbra Wonderbra's
+ Wonder Wonder's
- woodcraft woodcraft's
- Woodhull Woodhull's
- woodman woodman's
- woodmen
- Wood Wood's Woods
- Woods Woods's
- woodsy woodsiest woodsier
- Woolf Woolf's
+ Woolite Woolite's
- Woolongong Woolongong's
- Wooten Wooten's
- Worcesters
- workingman workingman's
- workingmen
- Workman Workman's
- workweek workweeks workweek's
- Worms Worms's
- worrywart worrywarts worrywart's
- Wotan Wotan's
+ Wovoka Wovoka's
- Wozniak Wozniak's
+ Wozzeck Wozzeck's
- Wrangell Wrangell's
- Wren Wren's
- Wroclaw Wroclaw's
- Wuhan Wuhan's
- Wurlitzer Wurlitzer's
- wuss wuss's wusses
- WWI
- Wycherley Wycherley's
- Wycliffe Wycliffe's
- Wyeth Wyeth's
- Wyomingite Wyomingite's Wyomingites
- Xanadu Xanadu's
- Xanthippe Xanthippe's
- Xe Xe's
- XEmacs XEmacs's
- Xenakis Xenakis's
- Xenophon Xenophon's
- Xiaoping Xiaoping's
- Ximenes Ximenes's
- Xingu Xingu's
+ Xiongnu Xiongnu's
- Xochipilli Xochipilli's
- XS
- Xuzhou Xuzhou's
- Yacc Yacc's
+ Yahoo Yahoo's
+ Yahtzee Yahtzee's
- Yakut Yakut's
- Yalow Yalow's
- Yalu Yalu's
+ Yamagata Yamagata's
- Yang Yang's
- Yangon Yangon's
+ Yaobang Yaobang's
- Yaqui Yaqui's
- Yaroslavl Yaroslavl's
+ Yataro Yataro's
- Yb Yb's
- Yekaterinburg Yekaterinburg's
- Yeltsin Yeltsin's
- Yemenis
- Yenisei Yenisei's
- Yerkes Yerkes's
- Yesenia Yesenia's
- yeshiva yeshivas yeshiva's
- Yevtushenko Yevtushenko's
- Yggdrasil Yggdrasil's
- yieldings
- yip yip's yips yipped yipping
- YMHA
- Ymir Ymir's
- Yoda Yoda's
- Yoknapatawpha Yoknapatawpha's
- Yoko Yoko's
- Yolanda Yolanda's
- Yong Yong's
+ Yorkie Yorkie's
+ Yossarian Yossarian's
- Young Young's
- Yugo Yugo's
- Yugoslavians
- yule yule's
- Yules
- yuletide yuletide's
- Yunnan Yunnan's
- Yvonne Yvonne's
- YWHA
- Zachariah Zachariah's
- Zachery Zachery's
- Zairian
- Zamboni Zamboni's
- Zamenhof Zamenhof's
- Zamora Zamora's
- Zane Zane's
- Zanuck Zanuck's
- Zapata Zapata's
- Zaporozhye Zaporozhye's
+ Zapotec Zapotec's
- Zappa Zappa's
- Zara Zara's
- Zebedee Zebedee's
- Zechariah Zechariah's
- Zedekiah Zedekiah's
- Zedong Zedong's
- Zeffirelli Zeffirelli's
- Zeke Zeke's
- Zelig Zelig's
- Zelma Zelma's
- Zenger Zenger's
- Zeno Zeno's
- Zens
- Zephaniah Zephaniah's
- Zephyrus Zephyrus's
- zeppelin zeppelin's zeppelins
+ Zest Zest's
- Zhengzhou Zhengzhou's
- Zhivago Zhivago's
- Zhukov Zhukov's
- Zibo Zibo's
- Ziggy Ziggy's
+ Zinfandel Zinfandel's
- zinger zinger's zingers
- Zionisms
- Zions
+ Ziploc Ziploc's
- Zn Zn's
- Zola Zola's
+ Zollverein Zollverein's
+ Zoloft Zoloft's
- Zomba Zomba's
- zonal
- Zorn Zorn's
- Zoroastrianisms
- Zorro Zorro's
- Zosma Zosma's
- Zr Zr's
- Zsigmondy Zsigmondy's
- Zubenelgenubi Zubenelgenubi's
- Zubeneschamali Zubeneschamali's
- Zukor Zukor's
- Zuni Zuni's
- Zwingli Zwingli's
- Zworykin Zworykin's
+ Zyrtec Zyrtec's
+ Zyuganov Zyuganov's
