+ aah
+ ABA
- aberrational
- Aborigine Aborigine's Aborigines
- aborning
- ABS
- acceptation acceptations acceptation's
+ accessorise accessorising accessorised accessorises
+ accessorize accessorizing accessorized accessorizes
- acetonic
+ acquirer acquirers
- adaption adaptions
+ ADD
- AD AD's
- Admiralty
- admix admixed admixes admixing
- ADP ADP's
- Adrenalin Adrenalin's Adrenalins
+ Adventists
+ adventurist adventurists
- advertorial advertorial's advertorials
- aerier
- aeriest
- AFB
- AFDC
+ AFN
- Afrocentric
+ AFT
+ aftermarket aftermarkets aftermarket's
+ Agana
- ageists
+ aggro
- Aguascalientes
+ ahchoo
+ airbeds
- airbus airbus's airbuses
+ aircraftman
+ aircraftmen
+ airdrome airdromes
+ airletters
+ airshow airshows
+ airstrike airstrike's airstrikes
- Albertan
- Aleutians
- Aleuts
- Alexanders
- Algonquins
- aliyah aliyah's aliyahs
- Allhallows Allhallows's
- Allies
+ alveolars
- amazonian
+ ambulanceman
+ ambulancemen
+ ambulancewoman
+ ambulancewomen
+ Amen Amen's
+ amortisable
+ amortizable
- anapestic anapestic's anapestics
+ Andorran Andorran's Andorrans
- anent
+ Angle Angle's Angles
- anglicise anglicising anglicised anglicises
+ anglicism anglicisms
+ anglicize anglicizing anglicized anglicizes
+ anglophile anglophiles
+ angostura
- Annunciation Annunciations Annunciation's
+ answerphone answerphones
- antilabour
- Antillean
- Antipodes
- antipollution
- antipoverty
- antisemitic
- antisemitism antisemitism's
- antsy
- anyways
- anywise
- APB
- Apocalypse Apocalypse's
- apothegm apothegm's apothegms
- Appaloosas
- appose apposing apposed apposes
- APR
+ aquatint aquatints
- Arabist Arabists Arabist's
- Arapahoes
- Arapahos
- ARC
- Ardabil
- Argentinean
- Arkansans
+ armloads
+ arsing
+ arugula
+ ascendance ascendance's
- Ascension Ascension's
- Assembly
+ asthmatically
- Athabaskan Athabaskans Athabaskan's
- Athene Athene's
+ atishoo
- Augustinians
- automaker automakers automaker's
+ avuncularly
+ Axis
- axletree axletree's axletrees
+ Azerbaijanis
- Baals
- Bacchic
+ baccy
+ backchat
+ backcloths
+ backcomb backcombs backcombed backcombing
+ backroom backrooms
+ backscratching backscratching's
- backstair
- Baedekers
+ baggie baggie's
- Bahamanian
+ baht baht's bahts
- bakeshop bakeshops bakeshop's
- baldfaced
+ baldies
+ Baldwins
+ ballgirl ballgirls
+ ballgown ballgowns
+ ballsed
+ ballses
+ ballsing
+ bally
+ bap baps
+ barbie barbies
- barbwire barbwire's
- barebacked
+ Barthes
+ basque basques
- Basutoland Basutoland's
+ bathyscaphe bathyscaphes
+ batterings
- Bayamon
+ beachfront
+ beanfeast beanfeasts
+ beansprout beansprouts
+ becquerel becquerels
+ bedchambers
+ bedhead bedheads
+ bedsitters
+ beetroots
+ begetters
- Belorussian Belorussians Belorussian's
+ bendy bendiest bendier
+ benedictine
- Benedictines
- Bengals
- Beninese Beninese's
+ berk berks
- Bermudan Bermudans Bermudan's
- Bermudian Bermudians Bermudian's
- Bernese
+ bevvy bevvies
- bey beys bey's
+ bhaji
- Bhutanese Bhutanese's
+ BIA
- bilabials
+ billhook billhooks
- billingsgate billingsgate's
+ billycan billycans
+ binman
+ binmen
+ biodegrade biodegrading biodegraded biodegrades
+ birdying
- blackamoor blackamoors blackamoor's
- Blackfeet Blackfeet's
- blacksnake blacksnakes blacksnake's
+ blag blagged blagging blags
+ blighters
+ blimpish
+ blini blini's blinis
+ blokish
+ blowhard blowhard's blowhards
+ blowlamps
- bluet bluet's bluets
+ bobbysoxer bobbysoxers
- bobsledder bobsledder's bobsledders
+ bodacious
+ bodge bodging bodged bodges
+ boffins
+ boffo
- bogyman bogyman's
- bogymen
- bolivares
- bolivar bolivars bolivar's
- bollix bollix's bollixed bollixes bollixing
+ bollockings
+ bolshie
+ bolthole boltholes
+ bombsite bombsites
+ bonce bonces
- bondman bondman's
- bondmen
+ boneshaker boneshakers
+ bonk bonking bonked bonks
+ booger boogers
+ boogeyman
+ boogeymen
+ boogieman boogieman's
+ boombox boombox's boomboxes
+ boomers
- boondoggler boondoggler's boondogglers
+ botheration
- bougainvilleas
+ boules
- Bourbons
+ bouzouki bouzoukis bouzouki's
+ bovver
- bowleg bowleg's
+ boxroom boxrooms
+ BPOE
+ bracero braceros bracero's
+ bradawls
+ Brahmani
- brazer brazer's brazers
- breakfront breakfronts breakfront's
+ breathalyses
+ breathalysing
- Breathalyzer
- breezeway breezeways breezeway's
- brewpub brewpubs brewpub's
+ brickie brickies
+ brie brie's
- Bries
- brights brights's
+ brill
- brilliantine brilliantine's
- Briticisms
- Brittanies
+ brolly brollies
+ broodily
+ Bruegel
- bruited
- bruiting
+ Bruneian Bruneians Bruneian's
- bub bubs bub's
- buckaroo buckaroos buckaroo's
+ bullwhip bullwhips
+ bumbag bumbags
+ bumf
+ bumph
+ bunco buncoed buncos buncoing
- Burundian Burundian's Burundians
- busgirl busgirls busgirl's
+ busked
+ busks
+ busload busloads
+ bustiers
+ butty butties
- byzantine
+ cabers
- Cadette
- CAD CAD's
+ cafetiere cafetieres
+ caff decaff caffs decaffs
- CAI
- CAM
- Cambrians
+ Camelots
- Cameroonian Cameroonian's Cameroonians
+ camiknickers
- Canaanites
- Canadianism
+ candida
+ candyfloss
+ canoodle canoodling canoodled canoodles
+ canyoning
- CAP
+ cardamon cardamons
+ cardholder
+ cardiae
+ cardies
- CARE
- carhop carhops carhop's
+ Caribs
- carryover carryover's carryovers
- Carthaginians
+ carveries
- Cassandras
- Catalans
- catercorner
+ Cayugas
+ Cayuse
- cayuse cayuses cayuse's
- Cb
- CBC CBC's
- CCU
- ceca
- cecal
- cecum cecum's
- ceder ceders ceder's
+ ceilidhs
+ celeriac
+ cellmates
- Ce Ce's
+ Central
+ centrism centrism's
+ cesspits
- Ceylonese
- CF
- Chadian Chadian's Chadians
- Chaldea
+ changelessly
+ chapati chapatis
+ chapatti chapattis
+ chappy chappies
- chardonnay chardonnays chardonnay's
+ charladies
+ charlie charlies
+ chatlines
+ cheapo
- checkoff checkoffs checkoff's
+ cheeseboards
+ Chekhovian
+ chemo chemo's
- cheviot cheviot's
+ chickenshit chickenshits
+ chieftainship chieftainships chieftainship's
+ childminder
+ childminding
- Chimeras
+ chinaware chinaware's
+ chipolata chipolatas
- Chippewas
+ chirpily
+ chirpiness
- chlordane chlordane's
+ choc chocs
- chokecherry chokecherry's chokecherries
+ christian
- Christmastides
- Christmastimes
+ Chronicles
+ chunder chundering chundered chunders
+ chuntered
+ chunter chunters
+ clanswoman
+ clanswomen
+ clapperboard clapperboards
+ clearways
+ clickable
+ clifftop clifftops
+ clingfilm
+ cloisonne cloisonne's
+ clubbable
+ clubber clubbers
- cnidarian cnidarian's cnidarians
- CNS CNS's
+ coachload
+ coalmine coalmines
+ coatroom coatrooms
+ cobber cobbers
+ cobnut cobnuts
+ cockchafer cockchafers
- cockcrow cockcrow's cockcrows
- Cod
+ codswallop
+ coir
- COL
+ coley coleys
+ collateralise
+ collateralize
- Coloradans
- Coloradoan
+ colourist colourists
+ colourway colourways
- combings combings's
+ comfortless
+ commissionaires
- commonweal commonweal's
+ Comoran
+ compere compering compered comperes
+ computerate
- concaveness concaveness's
+ concertgoer concertgoers
- concertise concertising concertised concertises
+ concertize concertizing concertized concertizes
+ conchie conchies
- coned
- conferrable
+ congregant congregant's congregants
- congregationalism congregationalism's
- congregationalist congregationalists congregationalist's
+ Congressional
- coning
- conniption conniption's conniptions
- Conservative
+ convectors
+ conventioneer conventioneers
+ cookhouse cookhouses
- coonskin coonskins coonskin's
- coordinately
+ copacetic
- Cork
+ corkage
+ corncrakes
- Cornishes
- corpsman corpsman's
- corpsmen
+ corrie corries
+ cosh coshing coshed coshes
+ cossetted
+ cossetting
+ costumiers
+ costumire
+ coulee coulee's coulees
+ coulis
+ counterblasts
+ countywide
- cowcatcher cowcatcher's cowcatchers
+ crabwise
+ crackhead crackheads crackhead's
+ crammers
+ crapper crappers
- crappie crappie's crappies
- crapshooter crapshooters crapshooter's
+ cred
+ credentialed
+ credentialing
- Creed
- Creeks
- Crees
+ cremains cremains's
- creme creme's cremes
+ crepuscular
- cretaceous
- Cretans
+ crikey
+ cripes
+ crispbreads
+ cronyism cronyism's
- crookneck crookneck's crooknecks
- cropland croplands cropland's
+ Crow Crow's Crows
- Crucifixion Crucifixion's Crucifixions
+ cuboids
+ curacao
- cuspidor cuspidor's cuspidors
+ cutey cuteys
+ cutie cuties cutie's
+ cybercafes
- cyclopes
- Cyclopes Cyclopes's
- cyclops cyclops's
- CZ
- dadaism dadaism's
- dadaist dadaist's dadaists
+ dagoes
+ dago dagos
+ dag dags
- Dalmatia Dalmatia's
- Dame Dame's
+ Danae Danae's
- dang danging danged dangs
- danish danish's danishes
+ DAR
- daresay
+ darkie darkies
- Darwinisms
- Darwinist
- dastard dastards dastard's
+ datebook datebooks
+ Dayan
- db
+ dc
+ DEA
+ deadheaded
+ deadheading
+ dearests
+ decathlete decathletes
+ decolletage decolletage's decolletages
- deconstruct deconstructing deconstructed deconstructs
+ deconstructionism
+ deconstructionist deconstructionists
- decontrols
- Delilahs
+ demagogically
+ demode
+ demonically
+ demonise demonising demonised demonises
+ demonize demonizing demonized demonizes
+ demonstrability
+ demotivates
- demurrer demurrers demurrer's
+ Denali
- denotative
+ depressurisation
+ depressurise depressurising depressurised depressurises
+ depressurize depressurizing depressurized depressurizes depressurization
+ derv
- desalinisation desalinisation's
- desalinise desalinising desalinised desalinises
+ desalinization desalinization's
+ desalinize desalinizing desalinized desalinizes desalinization
+ descale descaling descaled descales
+ deselection
+ deskill deskilled deskilling deskills
+ dessertspoonful dessertspoonfuls
+ dessertspoon dessertspoons dessertspoonful
- determent determent's
- DH
- DI
+ diamante
+ Dias
- Diasporas
+ dickhead dickheads
+ dickybird dickybirds
- Dictaphones
+ diddly
+ diddlysquat
+ diddums
+ didgeridoo didgeridoos
- didoes
- dido dido's
- dingbat dingbat's dingbats
- dingus dingus's dinguses
+ dipso dipsos
+ directionless
+ disafforest disafforests disafforesting disafforested
+ disgorgement disgorgement's
+ dishware dishware's
+ dishy
+ disjuncture
- dispassion dispassion's
+ distributorships
+ ditransitive
- ditsy ditsiest ditsier
+ Divine Divine's
- divorcement divorcements divorcement's
- dixieland dixieland's
- DMD DMD's
+ dob dobbed dobs dobbing
+ doberman doberman's dobermans
+ doddle
- DOE
- dogcart dogcarts dogcart's
+ dogsbodies
+ dogsled dogsleds
+ Dominion
- donnybrook donnybrook's donnybrooks
- Dons
+ doodahs
+ doolally
+ doomsayer doomsayers doomsayer's
+ doomster doomsters
+ doorjamb doorjambs
+ doorknocker doorknockers
+ doorposts
+ doppelganger doppelgangers
+ dosh
+ dosser dossers
+ dosses
- DOT
+ dovecots
- dovish
+ downdrafts
- downfallen
+ downshift downshifting downshifted downshifts
- downspout downspout's downspouts
+ dozier
+ doziest
+ dozily
+ doziness
+ dragster dragsters
- drainboard drainboard's drainboards
- Dramamines
+ draughtboard draughtboards
+ driftnet driftnets
- druidism druidism's
- druthers druthers's
+ duckboards
+ dumbo dumbos
- dumpsters
- dumpster's
+ dustsheet dustsheets
- dutch
- ebullition ebullition's
- ecologic
- Ecstasy
+ ecu
- Ecuadorean
+ educationist educationists
- eek
+ eff effing effed effs
+ ELF ELF's
- EM
+ emblematically
- Eminence
+ endgames
+ endorphin endorphin's
- ENE ENE's
- enplane enplaning enplaned enplanes
+ entryphone entryphones
- EOE
- eolian
+ epidurals
- Epistle
+ equivalency equivalencies equivalency's
- erelong
+ Eritrean Eritrean's Eritreans
- eruct eructs eructing eructed
+ escapologist escapologists
- Escondido
- ESE ESE's
- esophageal
- Esquire Esquire's Esquires
- etas
- eta's
+ ethnographically
+ ethnologically
+ etiolated
- etiologic
- etiological
+ euthanize
- euthenics euthenics's
- Evangelical
- Evangelist Evangelist's
+ exabyte exabyte's exabytes
- Exchequer
+ exfoliate exfoliating exfoliated exfoliates exfoliation
+ expat expats
+ extrajudicial
+ extraordinaire
+ fab
+ faddiness
+ faddishness
+ faddy
+ faience faience's
- faille faille's
+ fajita fajita's
- falsie falsie's falsies
+ fanciable
- fantasist fantasists
- fastballs
- fatback fatback's
+ fatsos
+ fauvist fauvists fauvist's
+ fave faves
- fayre
- FD
- Federal Federals Federal's
- feedlot feedlots feedlot's
+ feelgood
- fella fellas
- fellers
- fellowman fellowman's
- fellowmen
- fessed
- fessing
+ fiddlier
+ fiddliest
+ fieldsman
+ fieldsmen
+ filo
+ fingermark
+ fireguards
+ firescreen firescreens
- firetruck firetrucks firetruck's
- fishcakes
+ fitment
+ fivers
+ flagellant flagellants
- flagrance flagrance's
+ Flathead
+ flatlet flatlets
+ fleabite
+ fleapit fleapits
- floodwater floodwater's
- floorwalker floorwalker's floorwalkers
+ flowerings
+ fluvial
+ flypasts
- flyway flyways flyway's
- folksinging folksinging's
- folkway folkway's
+ footie
+ footplates
+ footslogging
+ footy
- forepart foreparts forepart's
- forequarter forequarter's
- Fourth
- Foxes
- foxfire foxfire's
+ foxhunt foxhunting foxhunts
- Frauen
- Fraulein
+ freephone
+ freesia freesias
- friedcake friedcakes friedcake's
+ Friend Friends Friend's
- Frisians
+ frissons
- fritz fritz's
+ frogmarch frogmarches frogmarching
+ frontbencher frontbenchers
+ frontbench frontbenches
+ frontierswoman
+ frontierswomen
- frosh frosh's
+ fruiterers
- Frunze Frunze's
+ fuckhead fuckheads
+ fuehrer fuehrer's fuehrers
+ fug fuggy
- Fujiyama Fujiyama's
- functionalist functionalists
+ funfairs
+ funnyman funnyman's
+ funnymen
+ Furies Furies's
- FWD
- FY
- gabfest gabfest's gabfests
- Gabonese Gabonese's
- Gaels
- Galaxy
- Galileans
- Gallicisms
- Gama
+ gammy
- gangbusters gangbusters's
+ gangstas
+ ganja
+ garcon garcons garcon's
- gar gars gar's
+ gasholder gasholders
+ gasman
+ gasmen
+ gasometers
- gator gators gator's
+ GATT GATT's
+ gawd
+ gawp gawps gawped gawping
+ gazump gazumps gazumped gazumping
+ geddit
- gemological
- gemologist gemologists gemologist's
- geosyncline geosynclines geosyncline's
- geothermic
+ geriatrician geriatricians
+ gestalts
- gestapo gestapos gestapo's
+ ghee
+ gigawatts
+ gimmes
- gimme's
+ ginormous
+ giros
+ gite gites
+ gits
+ givings
+ glaceed
+ glaceing
+ glace glaces
+ glam
+ globalise globalising globalised globalises
+ globalize globalizing globalized globalizes
- gloppy gloppiest gloppier
- glutenous
+ gnocchi
+ goalmouths
+ gobsmacked
+ gobstopper gobstoppers
- Godard Godard's
+ godawful
- goddammit
+ Godhead Godhead's
+ godlessly
+ godspeed
- Godspeeds
+ goldfield goldfields
+ goofball goofballs goofball's
- Gorgon Gorgon's
- goth goths
- gourde gourde's gourdes
- Governor
+ grabby grabbiest grabbier
+ gradable
- graham grahams
+ gran grans
- grassroots
+ gratin gratins
+ greenflies
+ Greenlandic
- greenroom greenroom's greenrooms
+ Greens
+ grillings
- gristmill gristmill's gristmills
- groomer groomer's groomers
- groomsman groomsman's
- groomsmen
- grosgrain grosgrain's
+ grotty grottiest grottier
+ groundcloth groundcloths
- groundnuts
+ groundsheets
+ groundskeeper
+ groupware groupware's
+ Grozny
- Guamanian
+ guesthouse guesthouses
+ guestroom guestrooms
+ gumball gumballs
- gumshoe gumshoeing gumshoed gumshoes gumshoe's
+ gunge gungy
+ gushingly
- gussy gussying gussied gussies
- gutty guttiest guttier
+ guvnor guvnors
+ guv guvs
+ gymslip gymslips
- gynaecologic
- gypper gyppers gypper's
- gyve gyve's gyving gyved gyves
+ Haida Haidas Haida's
+ hairgrip hairgrips
+ hairsprays
+ haj
- Ha Ha's
- hamburg hamburgs hamburg's
- handovers
- Hanuka
- haply
+ harbormaster harbormasters
- hardhat hardhats hardhat's
- hardscrabble
- hardstand hardstand's hardstands
+ haricot haricots
- Harpy Harpies Harpy's
- hatcheck hatcheck's hatchecks
+ hatemonger hatemongers hatemonger's
+ hatpin hatpins
+ hatstand
+ Hawks
+ haymaking
- hayride hayrides hayride's
+ headbanger headbangers
+ headbanging
+ headbutt headbutting headbutted headbutts
+ headcase headcases
+ headcheese
+ headcounts
- headliner headliners headliner's
- headpin headpin's headpins
+ headscarves
+ hearthrugs
+ heatwaves
- Hebraisms
+ helipad helipads
- Hellene Hellene's Hellenes
- heme heme's
- hemorrhagic
- hemostat hemostats hemostat's
- Heracles Heracles's
+ Herakles Herakles's
- Herculean
- Herefords
- hereon
+ hessian
+ hetero hetero's heteros
- Higashiosaka
+ highers
- Highlands
- highroad highroads highroad's
- Himalayan
- Hindustanis
+ hipbath hipbaths
+ hiphuggers
+ hiya
- HM
- hogtie hogtying hogtied hogties
+ hoick hoicking hoicked hoicks
- hoke hoking hoked hokes
- Holiness
+ holism
+ hols
- hombre hombre's hombres
+ homeworking
+ honeypot honeypots
- honky honkies honky's
- hon hon's hons
+ Honourable
- honouree honouree's honourees
+ hoofers
- hoosegow hoosegows hoosegow's
- Hoosiers
- hootenanny hootenannies hootenanny's
+ hoovers
- Hopis
+ hora horas hora's
- horehound horehounds horehound's
- horselaugh horselaugh's horselaughs
+ horseshit
+ horticulturalist horticulturalists
+ hosepipes
- Host Hosts Host's
+ hotpots
- Hottentots
- houselights houselights's
+ housemaster housemasters
+ housemate housemates
+ housemistress housemistresses
+ houseroom
+ hovercrafts
- Howrah
+ HT
- huarache huaraches huarache's
+ hucksterism hucksterism's
- humorlessly
- husbandman husbandman's
- husbandmen
- huzzah huzzahed huzzahing huzzah's huzzahs
- hyperglycemia hyperglycemia's
+ identikit identikits
- Iliads
- Illinoisan Illinoisans Illinoisan's
- inapproachable
- inarticulateness inarticulateness's
+ Incorporated
- inculpable
- Indianian
+ indie indies
+ indissolubility
+ infilled
+ infills
- inflictive
- infrequence infrequence's
+ innit
- INRI
+ insipidness
+ interpenetrate interpenetrating interpenetrated
+ interwar
+ intranet intranets
- introspect introspects introspected introspecting
+ invigilates
+ invigilation
+ Ionians
- ironwood
- Iroquoians
- IT
+ Ivorian
- jackstraw jackstraw's jackstraws
+ jailhouse jailhouses
+ jammy jammiest jammier
+ java java's
+ jawlines
- JCS
- JD
- jean
+ jemmied
+ jemmies
+ jemmying
+ jeroboams
+ jerrycan jerrycans
- jetliner jetliners
- jetport jetports jetport's
- jimsonweed jimsonweed's
+ jobshare jobshares
+ jobsworth jobsworths
+ joeys
- johnnycake johnnycake's johnnycakes
+ jojoba
- josher josher's joshers
- jouncy jounciest jouncier
+ journo journos
- Judaical
+ Judges
- judgmentally
- judicatory judicatories judicatory's
- jun
- Junker Junkers Junker's
- junketeer junketeer's junketeers
- juridic
- kaffeeklatch kaffeeklatch's kaffeeklatches
- kaffeeklatsch kaffeeklatsch's kaffeeklatsches
- Kaisers
- karts
- Kashmirs
- kayaking's
+ Kazakhs
- Kb Kb's
- KB KB's
- KC
- keno
+ kerfuffle kerfuffles
+ kibbutzes
- kickball
+ kickboxing
- kidskin kidskin's
- kielbasi
+ kike kikes
- kines
+ kingmaker kingmakers
+ Kings
- Kiowas
- Kirghizia Kirghizia's
+ kissoff kissoff's kissoffs
+ kissogram kissograms
+ klaxons
- klutziness klutziness's
+ knackering
- knicker
- knockoff knockoffs knockoff's
+ kohl
- Koranic
+ korma
- kraut kraut's krauts
- kuchen kuchen's kuchens
- kvetch kvetching kvetched kvetch's kvetches
- kw
- Labradorean
+ lacework lacework's
- Lady Lady's
- ladyships
- laetrile laetrile's
+ lakefront lakefronts
- Lamaisms
+ Lamentations
- lanai lanai's lanais
+ landmines
- lavaliere lavalieres lavaliere's
+ lav lavs
- lawman lawman's
- lawmen
- LC
- LCM
- LDC
+ lech leching leched lech's leches
+ legalistically
+ legwarmer legwarmers
- Leicesters
+ L'Enfant
+ leucotomy leucotomies
- leukemic leukemics leukemic's
+ lexis
- Lhasas
+ libber libbers libber's
- lightface lightface's lightfaced
- lilliputian
+ lilo lilos
- limberness limberness's
- Limbo
+ limescale
+ limey limeys
+ linkman
+ linkmen
+ listenable
+ litterateur litterateur's litterateurs
- LL
- LNG
- loansharking loansharking's
+ locum locums
- LOGO
- logy logiest logier
+ lollop lolloping lolloped lollops
- longhouse longhouses
- Longueuil
+ loos
- Lotharios
+ louche
- loudhailer loudhailer's loudhailers
+ lough loughs
+ lovey loveys
- lowboy lowboys lowboy's
- Lowlands
+ LSAT
- Lucites
- Luddites
+ luges
+ lughole lugholes
+ lulus
+ lumpectomy lumpectomies
+ lunchboxes
- lunkhead lunkheads lunkhead's
+ lurgy
- Lutheranisms
+ LVN
- Lyallpur
+ lychgate lychgates
- Lydians
+ macadamia macadamias macadamia's
- Maccabees
- mafia mafia's mafias
- mafiosi
- mafioso mafioso's
- Magus
+ magus magus's
+ mailshots
- Mainer Mainers Mainer's
- Majesty
- Maker Maker's
+ makeweight makeweights
- Malthusians
- mammies
+ mam mams
+ manana manana's
- Manchus
- maned
+ mangetout mangetouts
+ manipulatively
+ manky
+ mantelshelves
- marbleise marbleising marbleised marbleises
+ marbleize marbleizing marbleized marbleizes
+ Marcuse
+ marge
- Mariupol
- markkaa
- Marseillaises
- MASH
- Master
+ mastitis
+ matey mateys
+ matres
- Maypole
- Mb's
- mealybug mealybugs mealybug's
+ medicaid medicaid's
+ medicare medicare's
+ megastars
+ memsahib memsahibs
+ Mengzi
- mensch mensch's mensches
+ mercantilism mercantilism's
+ mescalin
- messeigneurs
- meteorologic
+ meths
- metricise metricising metricised metricises
+ metricize metricizing metricized metricizes
- MFA MFA's
- Michaelmases
- Michiganite
+ mick micks
+ Micmacs
- microfiber microfiber's microfibers
- middlemost
- Mideast
- Mideastern
+ midfielders
+ MIDI MIDI's
+ midsections
+ midsize
- mignonette mignonettes mignonette's
+ millionairess millionairesses
+ milometers
+ mingy
+ minibar minibars
+ minicabs
- minoxidil minoxidil's
- Minuteman Minuteman's
+ mishit mishits
- Mistress
- Mk
- Mogul Moguls Mogul's
+ Mohave Mohaves Mohave's
- Mohegan
+ moi
+ Mojaves
- moldboard moldboard's moldboards
+ Moldovan
- molter molters molter's
+ Monacan
- monastical
- Monegasques
+ moneybox moneyboxes
+ monounsaturated
- monseigneur monseigneur's
- Monsignors
- moonshiner moonshiners
+ moorhen moorhens
- mopey
+ moreish
- Morgans
+ mosh moshed moshes moshing
- mossback mossback's mossbacks
- mot mot's
+ moussaka moussakas
- mouton
- moviegoer moviegoer's moviegoers
- moxie moxie's
- MSW
+ mudflap mudflaps
+ mudpack mudpacks
- muenster muenster's
+ Muensters
+ mugful mugful's mugfuls
+ muggins
- mugwump mugwump's mugwumps
+ mujaheddin
- mulligan mulligan's mulligans
- multistory
- mumbletypeg mumbletypeg's
- Murcia
+ muscleman
+ musclemen
+ muscly
- musher mushers
- muskie muskie's muskies
- muskoxen
- muskox muskox's
- mutative
- muzak
+ muzziness
+ muzzy muzzily
+ myxomatosis
- nae
+ naffest
+ nah
- Nahuatls
+ naif naif's
- napoleon napoleons napoleon's
+ narcolepsy narcolepsy's
- narcotisation narcotisation's
+ Narraganset
- nascence
- Nativity Nativity's
+ naturism
+ naturists
+ nauseously
- Navy
+ neanderthal neanderthal's neanderthals
+ neckbands
+ necklacings
- Negress Negresses Negress's
- negritude negritude's
+ negro
- negroid
+ NEH
- Nepalis
+ nepotistic
- Nevadian
- nevi
- nevus
- newsdealer newsdealers
+ newshound newshounds
- newsweekly newsweeklies newsweekly's
- NF
- nicker nickering nickered nickers nicker's
+ niff niffy
- Nigerien Nigerien's
+ nightlight nightlights
- nightstand nightstands
+ nightwatchmen
+ nimby
+ nimrod nimrod's nimrods
- nisei nisei's
+ nobble nobbling nobbled nobbles
+ nobs
+ nonbinding
+ noncombat
+ nonconformism
+ nonoccurrence nonoccurrence's
- nonofficial
- nonpracticing
- nonsensitive
+ nookie
+ nooky
+ nor'easter
- norther northers
+ nosebags
+ nosher noshers nosher's
- notarisation
+ notarization notarization's
+ notelet notelets
- Novocains
- noways
- NP
+ NR
+ NRC
- NS
+ NSC
- nubbin nubbins
+ nurselings
+ nutcase nutcases
+ nuthouse nuthouses
- nutpick nutpicks nutpick's
+ nutter nutters
+ nympho nymphos
- OB
- obi obi's obis
- obsolesce obsolescing obsolesced obsolesces
- obtainment obtainment's
- oceanfront oceanfronts oceanfront's
- oceanology oceanology's
+ och
+ ocker ockers
- Octavian Octavian's
- odoured
+ oecus
- oedipal
+ officialese
- offtrack
+ oi
+ oik oiks
+ oilcan oilcans
- Okinawan
+ ole ole's
+ Omani Omani's Omanis
+ OMB OMB's
- Omnipotent
- om oms om's
- ON
- onomatopoetic
+ oomph
- ope oping oped opes
+ orangeness
+ orientalist orientalists
- orneriness
- Orthodox
+ orzo orzo's
+ ostlers
- Ouijas
+ outbox outbox's outboxes
- outdoorsy
+ outgun outgunning outgunned outguns
- outhit outhitting outhits
+ outpaces
+ outplace
- outrace outracing outraced outraces
+ outta
+ outwith
+ outworker outworkers
+ ovenproof
+ ovenware
- overhanded
- overmodest
- overpraise overpraising overpraised overpraises
+ overspecialization's
+ overstretches
+ overstretching
- oversuspicious
+ overvaluations
+ overweeningly
- oxblood oxblood's
- oxcart oxcarts
+ oxtails
- pablum pablum's
- pachysandra pachysandra's pachysandras
+ pacy paciest pacier
- Padang
+ pah
+ paintball
+ paintboxes
+ Paiute Paiutes Paiute's
- palatalisation palatalisation's
- paleographer paleographer's paleographers
- paleography paleography's
+ panatella panatellas
+ pantechnicons
+ panto pantos
- pantyliner pantyliner's
- pantywaist pantywaists pantywaist's
+ paparazzo
+ paperbark paperbarks
- paperboard paperboard's
- pappy pappies pappy's
+ paracetamols
- paradisaical
+ paramountcy
+ parascending
+ pardner pardners
- Parnassuses
- PASCAL
+ passivisation
+ passivize passivizing passivized passivizes passivization
+ pastureland pastureland's
+ patchouli
+ paternalists
+ patisseries
+ pavlova pavlovas
- Pawnees
- payola payola's
- PCP PCP's
- PDT
+ peacekeeper peacekeeper's
+ peckish
+ pecs
+ pedalo pedalos
- peelers
+ peepbo
+ peewit peewits
- pejoration pejoration's
+ pekineses
- pekingese pekingeses pekingese's
+ penfriend penfriends
- Pentecostalism
- penuche penuche's
- perfecta perfecta's perfectas
- perinea
+ personas
+ pervs
- petcock petcock's petcocks
- PET PET's
+ pettifoggery pettifoggery's
+ phantasmagorical
- pharisaic
- pharisee pharisee's pharisees
- pharmaceutic pharmaceutic's
+ phat
+ phenom phenoms phenom's
+ Philemon Philemon's
+ phonecard phonecards
- photoengrave photoengraves
+ photostat photostats photostatting photostatted photostat's
+ phrasebooks
+ physio physios
+ pianolas
+ pic pics pic's
+ piggeries
+ Pilgrims
+ pillock pillocks
+ pinata pinatas pinata's
+ pinewood pinewoods
- pinko pinkos pinko's
+ pinny pinnies
+ pinon pinons pinon's
- pinsetter pinsetter's pinsetters
- Pinyin
- pinyin pinyin's
+ pinyon pinyons pinyon's
- pirogi pirogi's
+ piroshki piroshki's
+ pissers
+ pissoir pissoirs
+ pitas
+ pitheads
+ pitta pittas
+ placekicker placekickers placekicker's
- plagiary plagiary's
+ planeloads
- Plano
- platy platy's
- platys
+ playbook playbooks playbook's
+ playschools
- pleasureful
- plebe plebe's plebes
+ plenums
+ plimsoll
- Pliocenes
+ plonker plonkers
+ plosives
+ plugholes
- plumy plumiest plumier
+ poleaxe poleaxing poleaxed poleaxes
+ pollard pollards
+ polys
+ polysemous
+ polyunsaturate
+ pommy pommies
- Pompeian
+ pom pommy poms
+ ponced
+ ponces
+ poncing
+ poncy
+ ponging
+ pongs
+ ponied
+ ponying
+ poo pooed poos pooing
+ poofter poofters
- poolroom poolroom's poolrooms
+ poolsides
- poorboy poorboy's
+ poppadom poppadoms
+ poppets
- porgy porgies porgy's
+ portiere portieres portiere's
- portulaca portulaca's
+ postbags
- postconsonantal
+ postie posties
+ postmenopausal
- postmeridian
- postnasal
+ postseason postseasons postseason's
+ postwoman
+ postwomen
+ potholer potholers
+ pottiness
+ poundings
+ pourings
- pow
- practicum practicum's practicums
+ prang prangs pranged pranging
+ prat prats
+ precast
+ predawn
+ predicatively
- preemie preemie's preemies
+ pregame pregame's pregames
- prehistorical
- prekindergarten prekindergartens prekindergarten's
+ prepacked
- Presbyterianisms
+ preseason preseasons preseason's
- presidium presidium's
+ pressie pressies
+ pretrials
+ prev
+ prezzie prezzies
+ primula primulas
+ prion
+ Private
- PRO
- probings
+ probosces
+ professionalisation
+ professionalization
+ prole proles
- pronuclear
+ Prophets
+ proprietorially
+ Proserpina Proserpina's
+ protegee protegees
- provenience provenience's
- provocateur provocateurs
- provolone provolone's
+ Prozacs
+ psephologists
+ psychoanalytically
- PT
+ pud puds
+ punchbag punchbags
+ punishingly
+ punnets
+ pushpin pushpins
- putout putouts putout's
+ putz putzes
+ pzazz
+ Qataris
- QB
- QED
- QM
- Quakerisms
+ quaysides
+ quickfire
+ quietism
+ quiffs
+ quin quins
- quitclaim quitclaims quitclaim's
+ racegoer
- radarscope radarscope's radarscopes
+ raddled
- radicalisation radicalisation's
+ radicchio radicchio's
- radiophone radiophone's radiophones
+ ragga
- rah
+ railcard railcards
- railroader railroader's railroaders
- rambunctiously
+ rangefinders
- ransomer ransomers ransomer's
- raper rapers raper's
+ ratbag ratbags
- rater rater's raters
- ratlike
- rattlebrain rattlebrains rattlebrain's rattlebrained
- RC
+ RCMP
- Reading Reading's
- realpolitik realpolitik's
- reanalyse reanalysing reanalysed
+ recce recces
- recharter rechartering rechartered recharters
+ recon recons
- Reconstruction Reconstruction's
- reconstructive
- recontact recontacts recontacted recontacting
- recontaminate recontaminating recontaminated recontaminates
- redbird redbird's redbirds
- Redeemer Redeemer's
- redye redyeing redyed redyes
+ reflated
+ reflates
+ reflating
+ reflations
+ Reformation Reformation's Reformations
- regeneracy regeneracy's
- REIT
+ rejig rejigging rejigged rejigs
- rejigger rejiggers rejiggering rejiggered
- rejudge rejudging rejudged rejudges
- relaxer relaxers relaxer's
- relivable
- remigrate remigrating remigrated remigrates
- remissly
+ remortgage remortgaging remortgaged remortgages
- Renascence
- reparable
- reportorial
- Republicanism
- Requiem Requiem's Requiems
- requiter requiters requiter's
- reserpine reserpine's
- Resistance
- resistless
- respecter respecter's respecters
- Restoration Restoration's
- Revelation Revelation's
- revenuer revenuer's revenuers
- revers revers's
+ reworkings
- RF
- ribber ribbers ribber's
- ricer ricers ricer's
- rickrack rickrack's
- ridership ridership's
+ RIF
- rifler riflers rifler's
- Right
+ righto
- rightsize rightsizing rightsized rightsizes
+ ringgit ringgit's ringgits
- ringings
- ringlike
- riptide riptide's riptides
+ riviera rivieras
- roadshows
- roadshow's
- rockbound
+ rockeries
+ rollerblading
- rollings
+ rollmop rollmops
+ romaines
- Romanesques
- roman's
- romeo romeo's romeos
- roomette roomettes roomette's
- rototiller rototiller's rototillers
+ rotters
+ rottweiler rottweilers
+ roughcast
+ roux
+ rowan rowans
+ rowlock rowlocks
- RSFSR
+ rubbings
- Rubicons
+ rucked
+ rucking
+ rucks
- ruffianly
- ruffly
+ rugger
+ rustlings
- SAC
- sacrosanctness sacrosanctness's
+ saddlers
+ saddlery
+ sadhu sadhus
+ salesroom salesrooms
- Salonika Salonika's
+ saltbox saltbox's saltboxes
+ salutatorian salutatorian's salutatorians
+ Salvadorean Salvadoreans Salvadorean's
+ samey
+ samosa samosas
- San'a
- sandlotter sandlotters sandlotter's
- sanitarian sanitarians sanitarian's
- saran saran's
- sarge sarges sarge's
+ sarky
+ sarnie sarnies
+ Sasquatches
- satanical
- satanist satanists satanist's
+ satay
+ satsuma satsumas
- sawbuck sawbucks sawbuck's
+ scarper scarpering scarpered scarpers
+ scatty
+ schadenfreude
+ schematise schematising schematised schematises
+ schematize schematizing schematized schematizes
- schmoes
- schmo schmo's
+ schmoozer schmoozers
- schnook schnook's schnooks
- schnoz schnoz's schnozes
- schnozzle schnozzles schnozzle's
+ scholasticism
- schoolbag schoolbag's schoolbags
+ schoolkid schoolkids
- schoolmarmish
- schussboomer schussboomer's schussboomers
+ scorelines
- Scotchwoman Scotchwoman's
- Scotchwomen Scotchwomen's
+ scouters
- scrabbler scrabblers scrabbler's
- Scrabbles
+ scratchcard scratchcards
+ scratchpad scratchpads
+ screenwriting screenwriting's
- screes
- screwworm screwworm's screwworms
- scribal
- scroungy scroungiest scroungier
+ scrumhalves
+ scrummed
+ scrumming
+ scrump scrumping scrumped scrumps scrumpy
- scrunchies
+ scrutineer
- scutcheon scutcheons scutcheon's
+ seafloor seafloors seafloor's
+ seatmate seatmate's seatmates
+ sebum
- seedcase seedcase's seedcases
- seedpod seedpod's seedpods
- seiner seiner's seiners
- seismologic
- selectness selectness's
+ sellotape sellotaping sellotaped sellotapes
+ semibreve semibreves
+ semidarkness semidarkness's
+ semigloss semiglosses
+ semipro semipros
+ semiquaver
- senora senora's senoras
- senorita senoritas senorita's
- senor senor's senors
+ servery serveries
- setscrew setscrew's setscrews
+ setsquare setsquares
- severeness severeness's
+ SGML SGML's
- Shaker
- shamanic
+ shambolic
- shampooer shampooers shampooer's
+ shandies
- sharecrop sharecropping sharecrops sharecropped
+ shariah
- sharia sharia's
- sharpie sharpie's sharpies
+ sharpish
- shay shays shay's
+ shebeen shebeens
- sheepherder sheepherders sheepherder's
- sheetlike
+ sheila sheilas
- shew shewing shewed shews
- shewn
- shh
- shinsplints shinsplints's
+ shirty
+ shitfaced
+ shitheads
+ shitload
- shiv shivs shiv's
- shoat shoat's shoats
+ shopaholic shopaholics
+ shopfitter shopfitters
+ shopfitting
- shopfront shopfronts
- shoppe shoppes shoppe's
- shorties
+ showerproof
+ showground showgrounds
+ showjumping
+ showtime
- sibylline
+ sicced
+ siccing
+ sickbays
- sicko sicko's sickos
- sickout sickouts sickout's
- sideman sideman's
- sidemen
- sidepiece sidepiece's sidepieces
+ Sierras
+ signage signage's
- signore
- Silurians
- simonise
+ simonize simonizing simonized simonizes
+ simperingly
+ simulacra
+ simulacrums
- sines
- singletree singletrees singletree's
+ sinology
- Sir Sir's Sirs
+ sirrah
+ sirree sirree's
+ sizzlers
- SJ
- SK
- ska ska's
- skeeter skeeters
+ sketchpads
+ skewbalds
+ skibob skibobs
+ skidpan skidpans
+ skiffle
- skillfulness skillfulness's
+ skinful
+ skint
+ skive skiving skived skives
+ skiver skivers
- skoal skoals skoal's
+ slagheap slagheaps
- slantingly
+ slappers
- slaveholder slaveholder's slaveholders
+ slayed
+ sleazebag sleazebags
+ sleazeball sleazeballs
- sledder sledder's sledders
+ slingback slingbacks
+ slippy
+ slobbed
+ slobbing
- sloganeering
- sloucher slouchers sloucher's
- slutty sluttiest sluttier
- smogs
+ smokey
+ smoochy
- sneerings
+ snicked
+ snicking
+ snicks
+ sniffy sniffiest sniffier
+ snog snogs snogging snogged
- snowbank snowbank's snowbanks
- snowbird snowbirds snowbird's
+ SOB SOB's
+ sockeye sockeye's sockeyes
+ softback
- softbound
+ softcover
+ soigne
+ soignee
- solemnify solemnifying solemnified solemnifies
- solemnness solemnness's
+ solipsistic
- somerset somerset's somersetted somersetting somersets
- someways
- songfest songfests songfest's
- songwriting
+ sonogram sonograms sonogram's
+ sonsofbitches
+ souk souks
+ soullessness
+ soundbite soundbites
- southwestwards
+ sozzled
- spaceport spaceports spaceport's
- spaciness spaciness's
- Spanglish
+ spangly
+ speakerphone speakerphones
- spearfish spearfishing spearfished spearfish's spearfishes
+ spectate spectating spectated spectates
+ speechify speechified speechifies
+ speechwriter speechwriters
- spelldown spelldown's spelldowns
- spelunking spelunking's
- spic spics
- spiderweb spiderwebs spiderweb's
+ spiff spiffed spiffs spiffing
+ spinneys
+ spiv spivs
- splashiness splashiness's
- splendorous
+ spliff spliffs
+ splosh sploshed sploshes sploshing
- spongecake spongecake's
+ sportspeople
+ sportsperson
- sportswriter sportswriter's sportswriters
- spousal spousals spousal's
- spritzer spritzer's spritzers
+ sprog sprogs
- spunks
- sputnik sputniks sputnik's
+ spymaster spymasters
+ squeezebox squeezeboxes
+ squiffy
- ssh
- ST
+ stallholder
+ starfruit
+ starkers
+ statemented
+ statementing
+ States
+ stationmasters
- steamfitter steamfitter's steamfitters
- steamfitting steamfitting's
- steelmaker steelmakers
- stemware stemware's
- steno steno's
- stetson stetsons stetson's
- Stiltons
- stinkbug stinkbugs stinkbug's
+ stipendiaries
+ stogie stogie's stogies
- Stoicisms
- Stoics
+ stonkered
+ stonking
- stopple stopple's stoppling stoppled stopples
- Stradivari
- straightforwards
- straightway
+ streetlamp streetlamps
+ stretchmarks
- strewth
+ strikebound
+ stripey
+ stroppiness
+ stroppy stroppiest stroppier stroppily
+ stunners
+ subarea subareas subarea's
- subfreezing
- subprofessional subprofessional's subprofessionals
- subtropic
+ succubi
- succulency succulency's
- sulfa sulfa's
+ Sumerians
+ summat
+ sunbed
+ sunbelt
+ sundeck sundecks
+ sundress sundresses
+ sunhat sunhats
+ suntrap suntraps
- supercity supercities supercity's
+ superconductive
+ superglue
+ supergrass supergrasses
- supermom supermoms supermom's
+ suppertime
+ supremos
+ surtitle
+ suttee
- Sverdlovsk
+ swansongs
+ sweatsuit sweatsuits
+ swiz
+ swotted
+ swotting
- syllabicate syllabicating syllabicated syllabicates
+ syllabubs
- sylphic
+ syndicalists
- systematical
- Tabascos
- Tabernacle Tabernacles Tabernacle's
- Tabrizes
- tacker tacker's tackers
+ taed
- Tagalogs
- tagger taggers tagger's
+ tagliatelle
+ tailboards
+ tailbone tailbones
+ tailpiece tailpieces
- Tainan
- tali
- tallier tallier's talliers
+ tamoxifen
- tangibleness tangibleness's
- Tangier
+ tapas
- tapeline tapelines tapeline's
+ tartiest
+ tarty
- tatami tatami's tatamis
- tatterdemalion tatterdemalions tatterdemalion's
+ tattie tatties
+ tattiest
+ taxman
+ taxmen
+ tearaways
+ technicolor
+ techno
+ technophobe technophobes
+ teds
- telegenic
+ telegraphese
- telephoner telephoners telephoner's
- telephotography telephotography's
+ teleplay teleplay's teleplays
- teleprocessing teleprocessing's
- TelePrompTer
- teleprompter teleprompters teleprompter's
+ telesales
+ teleworker teleworkers
- tenantry tenantry's
+ tenners
- Tennessean Tennessean's Tennesseans
- tensity tensity's
- tenuity tenuity's
+ terahertz terahertz's
+ terrines
- terrycloth terrycloth's
- testings
+ tetchiness
- Teutons
+ TGIF
- therefor
+ Thessalonians
- thew thew's thews
+ thicko thickos
+ thingumabob thingumabobs
+ thingummy thingummies
+ thingy thingies
- threader threader's threaders
- thready threadiest threadier
- thrombotic
- throttler throttlers throttler's
+ thumbprints
- thunderer thunderer's thunderers
- thwacker thwacker's thwackers
- tibial
- ticklishly
- ticktacktoe ticktacktoe's
+ tiddler tiddlers
+ tiddly
+ tiddlywink
- tideland tidelands tideland's
+ tidemark tidemarks
+ tiepin tiepins
- tightener tightener's tighteners
+ til
- timothy timothy's
- tintype tintype's tintypes
+ tippex tippexing tippexed tippexes
- Titans
+ titch titches titchy
- tither tither's tithers
- titian titian's
+ titlist titlist's titlists
+ titty titties
- toasties
- Tobit Tobit's
+ toccatas
+ toerag toerags
+ toff toffs
- tole tole's
- tollway tollways tollway's
+ tombolas
- tonearm tonearm's tonearms
- tongueless
+ topee topees
+ topi
- torridity torridity's
- tortoni tortoni's
+ tosh
- totalisator totalisators totalisator's
- totterer totterer's totterers
+ touchlines
+ touchpapers
- toughener tougheners toughener's
+ toughie toughie's toughies
- towboat towboat's towboats
- towelette towelette's towelettes
- towhee towhees towhee's
+ townees
+ toyboy toyboys
+ TQM
+ trad
- trampler trampler's tramplers
- trampolined
- trampolining
- transpolar
- Treasury Treasuries Treasury's
+ trendsetters
- trey trey's treys
+ triathlete triathletes
+ Trinidadian Trinidadians Trinidadian's
- trivium trivium's
- trouncer trouncer's trouncers
- trow trowed trows trowing
+ trug trugs
- trundler trundlers trundler's
+ tsarists
- tubal
+ tubful tubful's tubfuls
- tufter tufters tufter's
+ tularemia's
+ tums
- tuneup tuneup's tuneups
+ tuppenny
+ tuque tuque's tuques
+ turbocharge turbocharging turbocharges
- turbos
- Turkics
+ turps
+ Tuscaroras
+ Tuvaluan
- twaddler twaddler's twaddlers
- twas
+ twat twats
- tween
- twelvemonth twelvemonth's twelvemonths
- twiner twiners twiner's
+ twinset twinsets
- twittery
- twixt
- typification typification's
- tyrannic
- unadvisedly
- unaesthetic
- unappealingly
- unarmoured
- unbaptised
- unbid
- uncap uncaps
- unchaperoned
- uncleaned
- uncleared
- uncrowded
- uncrushable
+ underclasses
- underfur underfur's
- underseas
- underthings underthings's
- undischarged
- unemphatic
- unexcused
- unfading
+ unfazed
- unfertilised
+ unfertilized
- unhealthiness unhealthiness's
- Unionist
+ unis
- unitedly
- unitise unitising unitised unitises
+ unitize unitizing unitized unitizes
- unknowable's
- unlikable
- unlikeliness unlikeliness's
- unlivable
- unmarred
+ unmediated
- unmorality unmorality's
- unpeople
- unperceptive
- unperson unperson's unpersons
- unpersuaded
+ unpicks
- unpleasing
- unpolitical
- unpractical
- unprecedentedly
- unpreparedness unpreparedness's
- unpressed
- unprovided
- unquiet unquietest unquieter
- unrated
- unreel unreeling unreeled unreels
+ unrelievedly
- unremarked
- unresistant
- unripened
- unsalable
- unshaped
- unsifted
- unskillfully
- unsparingly
+ unswayed
- untasted
- untenanted
- untraveled
- untrod
- untruly
- unwaged
- unwearied
+ upperclasswoman
+ upperclasswomen
- uprear uprears uprearing upreared
- upthrust upthrusting upthrusts upthrust's
+ uptick upticks uptick's
- uptrend
- urbanology urbanologist's urbanologists urbanologist urbanology's
- urogenital
- urticaria urticaria's
+ Utes
+ utilisable
+ utilizable
+ Uzis
- vacationist vacationists vacationist's
+ vac vacs
- Valencias
- valiance valiance's
- valuate valuating valuated valuates
- Vandals
- vapoury
- vaquero vaqueros vaquero's
- veejay veejay's veejays
+ vegeburger vegeburgers
- vegged
+ vegges
+ veggieburger veggieburgers
- vegging
- vehemency vehemency's
- vela
- velodrome velodromes
- venireman venireman's
- veniremen
- venturously
- venturousness venturousness's
- Vermonters
- vhf
- vibraharp vibraharps vibraharp's
- vicennial
- Victorianism
+ viewership viewership's
- vigesimal
- vigilantist vigilantist's
- vignettist vignettists vignettist's
- viking viking's vikings
- vincible
+ violincello violincellos
- VISTA
- vitrifaction vitrifaction's
- vitrine vitrine's vitrines
+ vitriolically
- vittles vittles's
- vixenishly
- voicelessness voicelessness's
+ voila
+ volunteerism volunteerism's
- vulgarian vulgarians vulgarian's
- vulgariser vulgarisers vulgariser's
+ vulgarizer vulgarizers vulgarizer's
- vulturous
+ wadge wadges
- waffler waffler's wafflers
- wagerer wagerers wagerer's
- waggery waggeries waggery's
- wain wains wain's
- wainwright wainwright's wainwrights
- waitperson waitperson's waitpersons
+ waitstaff waitstaff's
- wakings
- walkaway walkaway's walkaways
+ walkies
- wallah wallahs
- wallies
- waltzer waltzer's waltzers
- wangler wangler's wanglers
+ wanker wankers
- wanness wanness's
- warbonnet warbonnets warbonnet's
- warmblooded
- washrag washrag's washrags
- watchable
- watchmaking watchmaking's
+ watchstrap watchstraps
- waterlily waterlilies waterlily's
- Wave
- waverer waverer's waverers
+ waybill waybill's waybills
- waylayer waylayers waylayer's
+ wazoo wazoos
- weakener weakener's weakeners
- wearings
- weaselly
+ weatherization weatherization's
- weatherstrip weatherstripping weatherstrips weatherstripped
- weatherstripping weatherstripping's
- webfeet
- webfoot webfoot's
- Web Web's
- weedkiller weedkillers
- weedless
+ weekenders
- ween weening weened weens
+ weepie
- weirdie weirdie's weirdies
- weldable
+ wellie
- wellingtons
- wellington's
+ welly wellies
- welsher welshers welsher's
+ whackings
+ whatshername
+ whatshisname
+ whatsit whatsits
- wheatgerm
+ wheatmeal
- whee
- wheedler wheedler's wheedlers
- wheezily
- wheeziness wheeziness's
- whensoever
- wherry wherries wherry's
- whiffletree whiffletrees whiffletree's
+ whinger whingers
- whippletree whippletrees whippletree's
- whited
- whitehead whiteheads whitehead's
- whitetail whitetails whitetail's
- whitewater whitewater's
- whizkid whizkid's
- whizzbang whizzbang's whizzbangs
+ wholefood wholefoods
- wholewheat
+ whopped
+ whops
- whoreish
+ whup whupping whups whupped
+ why'd
- widemouthed
- wienie wienie's wienies
- wiglet wiglet's wiglets
- wildcatter wildcatter's wildcatters
- williwaw williwaw's williwaws
- wimped
- wimping
- wimpish
+ windchill windchill's
- windproof
- wingding wingding's wingdings
- winglike
- wirehair wirehairs wirehair's
- wiretappers
- wiretapper's
- wised
+ wiseguy wiseguys
- wising
- withe withing withed withes withe's
- witherings
- witter witters wittering wittered
- wived
- wiving
- WNW WNW's
+ wog wogs
- wold wold's wolds
- wonk wonk's wonks
- woodlot woodlot's woodlots
- woodsiness woodsiness's
+ woodworms
+ wooliness
+ wordsmith wordsmiths
+ workbasket workbaskets
- workingwoman workingwoman's
- workingwomen
- workup workups workup's
- worriment worriment's
- wort wort's
+ wotcha
- WP
+ wracked
- wracking
+ wracks
+ wranglings
- wright's
- WSW WSW's
+ wunderkind wunderkinds
- wurst wurst's wursts
- wussy wussiest wussier wussies wussy's
- WW
- xerox xerox's xeroxed xeroxes xeroxing
- Xian Xians Xian's
- XXL
- ya
- yardman yardman's
- yardmaster yardmasters yardmaster's
- yardmen
+ Yaren
+ yashmak yashmaks
- yegg yegg's yeggs
- Yemenite
+ yer
+ yid yids
- yipe
+ yogic
- yolked
+ yonks
- Yorkshires
- yow
- YT
- yuan yuan's
- Yuma Yuma's Yumas
+ yuppify yuppifying yuppified yuppifies
- yurt yurt's yurts
+ zappy
+ Zarathustra Zarathustra's
- zealotry zealotry's
- zeitgeist zeitgeists zeitgeist's
- zestfulness zestfulness's
- zesty zestiest zestier
- Zhdanov
+ zine zines
+ zinfandel zinfandel's
- zingy zingiest zingier
+ zloties
- zonally
+ zookeeper zookeepers zookeeper's
- zoophytic
- zounds
- Zs
- Zululand
- zydeco zydeco's
+ Zzz
